{"app":["/app-a82ba9ccb7534e3bd741.js"],"component---src-pages-about-us-js":["/component---src-pages-about-us-js-2d0ac141befdec1d9a53.js"],"component---src-pages-consulting-solutions-js":["/component---src-pages-consulting-solutions-js-60b773c2cf1c582f59ac.js"],"component---src-pages-contact-us-js":["/component---src-pages-contact-us-js-26e019fd11b869e173a4.js"],"component---src-pages-data-market-monitoring-js":["/component---src-pages-data-market-monitoring-js-4c4951ea4a2321595566.js"],"component---src-pages-index-js":["/component---src-pages-index-js-abb006765e71b86e3889.js"],"component---src-pages-market-report-research-js":["/component---src-pages-market-report-research-js-9e94d0f0d2ab15448c23.js"],"component---src-pages-news-and-resources-js":["/component---src-pages-news-and-resources-js-eff7cbe403616845c0b9.js"],"component---src-pages-news-js":["/component---src-pages-news-js-a692b665865484472130.js"],"component---src-pages-passport-reports-js":["/component---src-pages-passport-reports-js-9aa5639c7fc46aa8af3e.js"],"component---src-pages-press-release-js":["/component---src-pages-press-release-js-4411484519dfe8884758.js"],"component---src-pages-press-js":["/component---src-pages-press-js-0b0d5da902c6cc9e76d2.js"],"component---src-pages-syndicate-reports-js":["/component---src-pages-syndicate-reports-js-5c14ca9160f850005516.js"]}