{"errors":[],"warnings":[],"namedChunkGroups":{"app":{"chunks":[4,1,0],"assets":["webpack-runtime-af5ca78a01eb78023fe6.js","webpack-runtime-af5ca78a01eb78023fe6.js.map","commons-5ca348266bf615bb4946.js","commons-5ca348266bf615bb4946.js.map","app-ee50ca10ebe70db9e92b.js","app-ee50ca10ebe70db9e92b.js.map"],"children":{},"childAssets":{}},"component---src-pages-index-js":{"chunks":[3,2],"assets":["styles.5527abaaa32b211458c5.css","styles-1b050472b1b439c6c181.js","styles-1b050472b1b439c6c181.js.map","component---src-pages-index-js-3519f15df5232457cc77.js","component---src-pages-index-js-3519f15df5232457cc77.js.map"],"children":{},"childAssets":{}}},"assetsByChunkName":{"app":["webpack-runtime-af5ca78a01eb78023fe6.js","commons-5ca348266bf615bb4946.js","app-ee50ca10ebe70db9e92b.js"],"component---src-pages-index-js":["styles.5527abaaa32b211458c5.css","styles-1b050472b1b439c6c181.js","component---src-pages-index-js-3519f15df5232457cc77.js"]}}