{"errors":[],"warnings":[],"namedChunkGroups":{"app":{"chunks":[4,1,0],"assets":["webpack-runtime-dfaa0c938e0f33279110.js","webpack-runtime-dfaa0c938e0f33279110.js.map","commons-5ca348266bf615bb4946.js","commons-5ca348266bf615bb4946.js.map","app-1b74b4c6aa1d32882c10.js","app-1b74b4c6aa1d32882c10.js.map"],"children":{},"childAssets":{}},"component---src-pages-index-js":{"chunks":[3,2],"assets":["styles.30bdef8b0737c0daa230.css","styles-69de25b2a11815ff6f87.js","styles-69de25b2a11815ff6f87.js.map","component---src-pages-index-js-4d7983bafd6578eeed5b.js","component---src-pages-index-js-4d7983bafd6578eeed5b.js.map"],"children":{},"childAssets":{}}},"assetsByChunkName":{"app":["webpack-runtime-dfaa0c938e0f33279110.js","commons-5ca348266bf615bb4946.js","app-1b74b4c6aa1d32882c10.js"],"component---src-pages-index-js":["styles.30bdef8b0737c0daa230.css","styles-69de25b2a11815ff6f87.js","component---src-pages-index-js-4d7983bafd6578eeed5b.js"]}}