{"errors":[],"warnings":[],"namedChunkGroups":{"app":{"chunks":[15,0,2],"assets":["webpack-runtime-f09af44b15d8a8d5f945.js","webpack-runtime-f09af44b15d8a8d5f945.js.map","commons-7afcb951982f501d4b18.js","commons-7afcb951982f501d4b18.js.map","app-a82ba9ccb7534e3bd741.js","app-a82ba9ccb7534e3bd741.js.map"],"children":{},"childAssets":{}},"component---src-pages-about-us-js":{"chunks":[1,0,3],"assets":["styles.3cffe2185fb69f147ebf.css","styles-e9a359a0e3ef8d5cae42.js","styles-e9a359a0e3ef8d5cae42.js.map","commons-7afcb951982f501d4b18.js","commons-7afcb951982f501d4b18.js.map","component---src-pages-about-us-js-2d0ac141befdec1d9a53.js","component---src-pages-about-us-js-2d0ac141befdec1d9a53.js.map"],"children":{},"childAssets":{}},"component---src-pages-consulting-solutions-js":{"chunks":[1,0,4],"assets":["styles.3cffe2185fb69f147ebf.css","styles-e9a359a0e3ef8d5cae42.js","styles-e9a359a0e3ef8d5cae42.js.map","commons-7afcb951982f501d4b18.js","commons-7afcb951982f501d4b18.js.map","component---src-pages-consulting-solutions-js-60b773c2cf1c582f59ac.js","component---src-pages-consulting-solutions-js-60b773c2cf1c582f59ac.js.map"],"children":{},"childAssets":{}},"component---src-pages-contact-us-js":{"chunks":[1,0,5],"assets":["styles.3cffe2185fb69f147ebf.css","styles-e9a359a0e3ef8d5cae42.js","styles-e9a359a0e3ef8d5cae42.js.map","commons-7afcb951982f501d4b18.js","commons-7afcb951982f501d4b18.js.map","component---src-pages-contact-us-js-26e019fd11b869e173a4.js","component---src-pages-contact-us-js-26e019fd11b869e173a4.js.map"],"children":{},"childAssets":{}},"component---src-pages-data-market-monitoring-js":{"chunks":[1,0,6],"assets":["styles.3cffe2185fb69f147ebf.css","styles-e9a359a0e3ef8d5cae42.js","styles-e9a359a0e3ef8d5cae42.js.map","commons-7afcb951982f501d4b18.js","commons-7afcb951982f501d4b18.js.map","component---src-pages-data-market-monitoring-js-4c4951ea4a2321595566.js","component---src-pages-data-market-monitoring-js-4c4951ea4a2321595566.js.map"],"children":{},"childAssets":{}},"component---src-pages-index-js":{"chunks":[1,0,7],"assets":["styles.3cffe2185fb69f147ebf.css","styles-e9a359a0e3ef8d5cae42.js","styles-e9a359a0e3ef8d5cae42.js.map","commons-7afcb951982f501d4b18.js","commons-7afcb951982f501d4b18.js.map","component---src-pages-index-js-abb006765e71b86e3889.js","component---src-pages-index-js-abb006765e71b86e3889.js.map"],"children":{},"childAssets":{}},"component---src-pages-market-report-research-js":{"chunks":[0,8],"assets":["commons-7afcb951982f501d4b18.js","commons-7afcb951982f501d4b18.js.map","component---src-pages-market-report-research-js-9e94d0f0d2ab15448c23.js","component---src-pages-market-report-research-js-9e94d0f0d2ab15448c23.js.map"],"children":{},"childAssets":{}},"component---src-pages-news-and-resources-js":{"chunks":[1,0,9],"assets":["styles.3cffe2185fb69f147ebf.css","styles-e9a359a0e3ef8d5cae42.js","styles-e9a359a0e3ef8d5cae42.js.map","commons-7afcb951982f501d4b18.js","commons-7afcb951982f501d4b18.js.map","component---src-pages-news-and-resources-js-eff7cbe403616845c0b9.js","component---src-pages-news-and-resources-js-eff7cbe403616845c0b9.js.map"],"children":{},"childAssets":{}},"component---src-pages-news-js":{"chunks":[1,0,10],"assets":["styles.3cffe2185fb69f147ebf.css","styles-e9a359a0e3ef8d5cae42.js","styles-e9a359a0e3ef8d5cae42.js.map","commons-7afcb951982f501d4b18.js","commons-7afcb951982f501d4b18.js.map","component---src-pages-news-js-a692b665865484472130.js","component---src-pages-news-js-a692b665865484472130.js.map"],"children":{},"childAssets":{}},"component---src-pages-passport-reports-js":{"chunks":[1,0,11],"assets":["styles.3cffe2185fb69f147ebf.css","styles-e9a359a0e3ef8d5cae42.js","styles-e9a359a0e3ef8d5cae42.js.map","commons-7afcb951982f501d4b18.js","commons-7afcb951982f501d4b18.js.map","component---src-pages-passport-reports-js-9aa5639c7fc46aa8af3e.js","component---src-pages-passport-reports-js-9aa5639c7fc46aa8af3e.js.map"],"children":{},"childAssets":{}},"component---src-pages-press-release-js":{"chunks":[1,0,13],"assets":["styles.3cffe2185fb69f147ebf.css","styles-e9a359a0e3ef8d5cae42.js","styles-e9a359a0e3ef8d5cae42.js.map","commons-7afcb951982f501d4b18.js","commons-7afcb951982f501d4b18.js.map","component---src-pages-press-release-js-4411484519dfe8884758.js","component---src-pages-press-release-js-4411484519dfe8884758.js.map"],"children":{},"childAssets":{}},"component---src-pages-press-js":{"chunks":[1,0,12],"assets":["styles.3cffe2185fb69f147ebf.css","styles-e9a359a0e3ef8d5cae42.js","styles-e9a359a0e3ef8d5cae42.js.map","commons-7afcb951982f501d4b18.js","commons-7afcb951982f501d4b18.js.map","component---src-pages-press-js-0b0d5da902c6cc9e76d2.js","component---src-pages-press-js-0b0d5da902c6cc9e76d2.js.map"],"children":{},"childAssets":{}},"component---src-pages-syndicate-reports-js":{"chunks":[1,0,14],"assets":["styles.3cffe2185fb69f147ebf.css","styles-e9a359a0e3ef8d5cae42.js","styles-e9a359a0e3ef8d5cae42.js.map","commons-7afcb951982f501d4b18.js","commons-7afcb951982f501d4b18.js.map","component---src-pages-syndicate-reports-js-5c14ca9160f850005516.js","component---src-pages-syndicate-reports-js-5c14ca9160f850005516.js.map"],"children":{},"childAssets":{}}},"assetsByChunkName":{"app":["webpack-runtime-f09af44b15d8a8d5f945.js","commons-7afcb951982f501d4b18.js","app-a82ba9ccb7534e3bd741.js"],"component---src-pages-about-us-js":["styles.3cffe2185fb69f147ebf.css","styles-e9a359a0e3ef8d5cae42.js","commons-7afcb951982f501d4b18.js","component---src-pages-about-us-js-2d0ac141befdec1d9a53.js"],"component---src-pages-consulting-solutions-js":["styles.3cffe2185fb69f147ebf.css","styles-e9a359a0e3ef8d5cae42.js","commons-7afcb951982f501d4b18.js","component---src-pages-consulting-solutions-js-60b773c2cf1c582f59ac.js"],"component---src-pages-contact-us-js":["styles.3cffe2185fb69f147ebf.css","styles-e9a359a0e3ef8d5cae42.js","commons-7afcb951982f501d4b18.js","component---src-pages-contact-us-js-26e019fd11b869e173a4.js"],"component---src-pages-data-market-monitoring-js":["styles.3cffe2185fb69f147ebf.css","styles-e9a359a0e3ef8d5cae42.js","commons-7afcb951982f501d4b18.js","component---src-pages-data-market-monitoring-js-4c4951ea4a2321595566.js"],"component---src-pages-index-js":["styles.3cffe2185fb69f147ebf.css","styles-e9a359a0e3ef8d5cae42.js","commons-7afcb951982f501d4b18.js","component---src-pages-index-js-abb006765e71b86e3889.js"],"component---src-pages-market-report-research-js":["commons-7afcb951982f501d4b18.js","component---src-pages-market-report-research-js-9e94d0f0d2ab15448c23.js"],"component---src-pages-news-and-resources-js":["styles.3cffe2185fb69f147ebf.css","styles-e9a359a0e3ef8d5cae42.js","commons-7afcb951982f501d4b18.js","component---src-pages-news-and-resources-js-eff7cbe403616845c0b9.js"],"component---src-pages-news-js":["styles.3cffe2185fb69f147ebf.css","styles-e9a359a0e3ef8d5cae42.js","commons-7afcb951982f501d4b18.js","component---src-pages-news-js-a692b665865484472130.js"],"component---src-pages-passport-reports-js":["styles.3cffe2185fb69f147ebf.css","styles-e9a359a0e3ef8d5cae42.js","commons-7afcb951982f501d4b18.js","component---src-pages-passport-reports-js-9aa5639c7fc46aa8af3e.js"],"component---src-pages-press-release-js":["styles.3cffe2185fb69f147ebf.css","styles-e9a359a0e3ef8d5cae42.js","commons-7afcb951982f501d4b18.js","component---src-pages-press-release-js-4411484519dfe8884758.js"],"component---src-pages-press-js":["styles.3cffe2185fb69f147ebf.css","styles-e9a359a0e3ef8d5cae42.js","commons-7afcb951982f501d4b18.js","component---src-pages-press-js-0b0d5da902c6cc9e76d2.js"],"component---src-pages-syndicate-reports-js":["styles.3cffe2185fb69f147ebf.css","styles-e9a359a0e3ef8d5cae42.js","commons-7afcb951982f501d4b18.js","component---src-pages-syndicate-reports-js-5c14ca9160f850005516.js"]}}