{"data":{"allMysqlPresses":{"edges":[{"node":{"title":"Global Bronchial Thermoplasty Market expected to reach US$ 99.68 Bn by 2026: Market insights, analysis, trends and forecast | Sheer Analytics and Insights","slug":"bronchial-thermoplasty-market"}},{"node":{"title":"Global automated 3D printing market expected to become USD 5083.8 Mn in total market revenue (TMR) by 2025: Market insights, analysis, trends, forecast | Sheer Analytics and Insights","slug":"global-3d-printing-market"}},{"node":{"title":"Globally infusion pump market total market revenue (TMR) will become US$17.1 Bn by 2025: market insights, industry, analysis, trends and forecast | Sheer Analytics and Insights","slug":"infusion-pumps-market"}},{"node":{"title":"Global aircraft exhaust system market to grow at 7.5% CAGR (2018 – 2025) – market insights, analysis, trends, forecast | Sheer Analytics and Insights","slug":"aircraft-exhaust-system-market"}},{"node":{"title":"Aircraft Engine Outsource Market (Service provider end) – An Exclusive Report | Sheer Analytics and Insights","slug":"aircraft-engine-outsource-market"}},{"node":{"title":"Global train collision avoidance system market to witness 6.5% CAGR between 2018 and 2025 – Market insights, analysis, trends and forecast | Sheer Analytics and Insights","slug":"global-train-collision-avoidance-system-technology-market"}},{"node":{"title":"Global Artificial Organ Technology Market is expected to grow at 10.1% by 2025 | Sheer Analytics and Insights","slug":"global-artificial-organ-technology-market"}},{"node":{"title":"Global Electrical Submersible Pumps Market is expected to reach US$ 20.02 Billion by 2025 | Sheer Analytics and Insights","slug":"global-electrical-submersible-pumps-esp-market"}},{"node":{"title":"Global Electrical Galvanized Steel Market is expected to grow at CAGR 6.2% till 2025 | Sheer Analytics and Insights","slug":"global-electrical-galvanized-steel-market"}},{"node":{"title":"Global Electrical Insulating Varnish Market is expected to grow at 5.3% CAGRtill 2025 | Sheer Analytics and Insights","slug":"global-electrical-insulating-varnish-market"}},{"node":{"title":"Global Electrical Insulating Varnish Market is expected to grow at 5.3% CAGRtill 2025 | Sheer Analytics and Insights","slug":"global-electrical-insulatiwqwng-varnish-market"}},{"node":{"title":"Global Artificial (Synthetic) Graphite Market is expected to reach US$ 16.61 Billion by 2025 |Market insights, analysis, trends and forecast","slug":"global-artificial-synthetic-graphite-market"}},{"node":{"title":"Global Humanized Mouse and Rat Model Market is expected to grow at CAGR 9.13%till 2025, Sheer Analytics and Insights","slug":"global-humanized-mouse-and-rat-model-market"}},{"node":{"title":"The Global CAR-T Cell Therapy Markey is expected to grow at CAGR 53% till 2025, Sheer Analytics and Insights","slug":"Global-CAR-T-Cell-Therapy-Market"}},{"node":{"title":"Global User Activity Monitoring Market is expected to grow at CAGR 24.10% till 2025, Sheer Analytics and Insights","slug":"global-user-activity-monitoring-market"}},{"node":{"title":"The Global Stem Cell Manufacturing Market is expected to grow at CAGR 6.10% till 2025, Sheer Analytics and Insights","slug":"global-stem-cell-manufacturing-market"}},{"node":{"title":"Global Blue Biotechnology Market is expected to grow at CAGR 11.3% between 2018-2025, Sheer Analytics and Insights","slug":"global-blue-biotechnology-market"}},{"node":{"title":"Global Chatbot Market expected to grow at a rapid rate between 2017 and 2025, Sheer Analytics and Insights","slug":"global-chatbot-market"}},{"node":{"title":"Global Artificial Intelligence (AI) Sensors Market Expected To Grow Rapidly Between 2018 and 2025 at CAGR 57.2%, Sheer Analytics and Insights","slug":"global-artificial-intelligence-AI-sensors-market"}},{"node":{"title":"Global Creatinine Assay Kits Market is expected to reach $270 Million by 2025, Sheer Analytics and Insights","slug":"global-creatinine-assay-kits-market"}},{"node":{"title":"Global Augmented Reality Mobile Application Market is expected to reach $1,460.2Million by 2025, Sheer Analytics and Insights","slug":"global-augmented-reality-mobile-application-market"}},{"node":{"title":"The global biopolymers market is expected to reach US$8.5 billion by 2025, Sheer Analytics and Insights","slug":"global-biopolymers-market"}},{"node":{"title":"Global Hosted PBX Market is expected to grow at CAGR 15.8%by 2025, Sheer Analytics and Insights","slug":"global-hosted-pbx-market"}},{"node":{"title":"Global Industrial Control and Factory Automation Market is expected to grow at CAGR 7.5% by 2025, Sheer Analytics and Insights","slug":"global-industrial-control-and-factory-automation-market"}},{"node":{"title":"Global Artificial Intelligence Chipsets Market expected to grow at a rapid rate between 2017 and 2025: Market Insights, Analysis, Trends and Forecast","slug":"global-artificial-intelligence-chipsets-market"}},{"node":{"title":"The Global Enterprise Software Market is expected to reach US$ 60.1 Billion by 2025, Sheer Analytics and Insights","slug":"Global-Enterprise-Software-Market"}}]},"allMysqlLatestreports":{"edges":[{"node":{"title":"Global Zinc Smelters Market (By Method – Pyrometallurgical Process, Electrolysis Process, By Products – Special High Grade (SHG), Continuous Galvanizing Grade (CGG), Prime Western (PW), Electro-Plating SHG (EPG SHG), Die-Cast Alloy, By Shapes – Ingots, Standard, Jumbo, Bars, By End Use Industry – Semiconductors, Catalyst in Industrial Products, Beauty Products / Cosmetics, Alloy, Anti-Corrosion and Batteries, and Others, And By Regions) – Global Industry Analysis, Size, Share, Growth, Trends and Forecast, 2018 – 2026","slug":"global-zinc-smelters-market-report"}},{"node":{"title":"Global CRISPR Technology Market (By Types- gRNA, Proteins, Vectors, Library, Designing Tools, Control Kits, Plasmids and Others. By Application- Agricultural Biotech, Biological Research, Industrial Biotech and Drugs and Therapeutic Discovery and By Regions)– Global Industry Analysis, Size, Share, Growth, Trends and Forecast, 2018 – 2026","slug":"global-crispr-technology-market-report"}},{"node":{"title":"Global Smart Grid Market (By Technology: Advanced Metering, Distribution Automation, Communication Technology, Hardware & Software, Transmission Technology and Others. By Deployment- Generation, Transmission, Distribution and After Sales Services and By Regions)– Global Industry Analysis, Size, Share, Growth, Trends and Forecast, 2018 – 2026","slug":"global-smart-grid-market-report"}},{"node":{"title":"Global Enterprise Video Market (By Type – Video Content Management, Video Conferencing and Webcasting. By Application – Corporate Communication, Training & Development, Client Management and Broadcast Media. By End-User – BFSI, Healthcare, Education, Media & Entertainment and Others) – Global Industry Analysis, Size, Share, Growth, Trends and Forecast, 2018 – 2026","slug":"global-enterprise-video-market-report"}},{"node":{"title":"Global Cell Surface Marker Market (By Component- Flow Cytometer, Hematology Analyzer and Reagents and Kits. By Cell Type- T Cell, B Cell and NK Cell. By Application- Research and Clinical and By Regions)– Global Industry Analysis, Size, Share, Growth, Trends and Forecast, 2018 – 2026","slug":"global-cell-surface-markers-market"}},{"node":{"title":"Global Organic Personal Care Market (By Product: Skin Care, Hair Care, Cosmetics and Oral Care. By Channels of Distribution- Parlors and Salons, Pharmacies, Specialty Stores, Super Markets and Online Stores and By Regions)– Global Industry Analysis, Size, Share, Growth, Trends and Forecast, 2018 – 2026","slug":"global-organic-personal-care-market"}},{"node":{"title":"Global Li-Fi Market (By Component: LEDs, Microcontroller, Optical Sensor and Photo Detector. By End-User- Aerospace & Defense, Transportation, Education, Healthcare, Retail and Others and By Regions) – Global Industry Analysis, Size, Share, Growth, Trends and Forecast, 2018 – 2025","slug":"global-li-fi-market-report"}},{"node":{"title":"Global Level Transmitter Market (By Technology: Radiometric, Capacitance, Ultrasonic, Radiometric, Differential Pressure and Radar. By End-Use Industry- Metals & Mining, Chemical, Oil & Gas, Water & Wastewater Management and Others and By Regions)– Global Industry Analysis, Size, Share, Growth, Trends and Forecast, 2018 – 2026","slug":"global-level-transmitter-market-report"}},{"node":{"title":"Global Smart Clothing Market (By Products- Shirts, Pants, Undergarments, Socks and Jackets.  By Component- Sensors, Wires & Connectivity, Storage Device, Energy Source and Others. By End-User- Healthcare, Military, Sports & Fitness, Entertainment and Industrial, and By Regions)– Global Industry Analysis, Size, Share, Growth, Trends and Forecast, 2018 – 2026","slug":"global-smart-clothing-market"}},{"node":{"title":"Global Multifactor Authentication Market (By Authentication Type- Two-Factor, Three-Factor and Four-Factor. By End-User- BFSI, Healthcare, Government Authorities, IT & Communication, Defense, Ecommerce and Others and By Regions)– Global Industry Analysis, Size, Share, Growth, Trends and Forecast, 2018 – 2026","slug":"global-multi-factor-authentication-market-report"}},{"node":{"title":"Global Machine Vision Market (By Component- Hardware and Software. By Product- PC-Based and Smart Camera-Based. By Application- Positioning, Identification, Verification, Measurement and Flaw Detection. By End-Use Industry- Automotive, Electronics, Food & Beverages, Printing & Packaging and Others and By Regions) – Global Industry Analysis, Size, Share, Growth, Trends and Forecast, 2018 – 2026","slug":"global-machine-vision-market-report"}},{"node":{"title":"Global Video Surveillance as a Service Market (By Component- Hardware, Services and Software. By End-User- BFSI, Healthcare, Government, Residential, Defense, Industrial and Others and By Regions)– Global Industry Analysis, Size, Share, Growth, Trends and Forecast, 2018 – 2026","slug":"global-video-surveillance-as-a-service-vsaas-market"}},{"node":{"title":"Global Green Packaging Market (By Material- Paper, Green Plastic, Metal, Fiber and Others, By Type- Primary, Secondary and Tertiary, By End User- Food & Beverages, Electronics, Personal Care, Pharmaceuticals and Others And By Regions)– Global Industry Analysis, Size, Share, Growth, Trends and Forecast, 2018 – 2026","slug":"global-green-packaging-market-report"}},{"node":{"title":"Global CPAP/BiPAP Market (By Component after market: Mask, Nasal Pillows, Nasal Cushions, Short Tubes, and Others. By Channels of Distribution- Direct Distributors, Pharmacies and Online Stores, By End-user- Hospitals, Home Rentals and Private Clinics By Regions)– Global Industry Analysis, Size, Share, Growth, Trends and Forecast, 2018 – 2026","slug":"global-cpap-bipap-market-report"}},{"node":{"title":"Global Licensed Sports Merchandise Market (By Product Type: Apparels, Footwear, Sports Drinks and Accessories & Toys, By Channels of Distribution- Online Stores, Super Market and Specialty Retail Outlet, and By Regions)– Global Industry Analysis, Size, Share, Growth, Trends and Forecast, 2018 – 2026","slug":"global-licensed-sports-merchandise-market-report"}},{"node":{"title":"Global Assisted Reproductive Technology Market (By Types: IVF, GIFT, IUI and Others, By End-User- Fertility Clinics and Hospitals and By Regions) – Global Industry Analysis, Size, Share, Growth, Trends and Forecast, 2018 – 2026","slug":"global-assisted-reproductive-technology-market-report"}},{"node":{"title":"Global VR In Sports and Entertainment Market (By Application – Training & Development, and Decision Making, Spectators, and Broadcasting, By End-User: Residential, Sports Associations, Team Management, Sports Media, and Theatres, and By Regions)– Global Industry Analysis, Size, Share, Growth, Trends and Forecast, 2018 – 2026","slug":"global-virtual-reality-vr-sports-entertainment-market-report"}},{"node":{"title":"Global Pet Food and Ingredients Market (By Pet Type – Dogs, Cats, Birds, and Others, By Product Ingredients Type – Meat & Meat Products, Cereals, Vegetables, Fats, and Additives, By Channel of Distribution – Specialized Pet Shops, Hypermarket, and Online Stores, and By Regions)– Global Industry Analysis, Size, Share, Growth, Trends and Forecast, 2018 – 2026","slug":"global-pet-food-ingredients-market-report"}},{"node":{"title":"Global Pulse Oximeter Market (By Product Type: Fingertip, Hand-held, Wrist-Worn and Pediatric, By End-User- Healthcare Institutes and Clinics, Residential and Sports Person and By Regions)– Global Industry Analysis, Size, Share, Growth, Trends and Forecast, 2018 – 2026","slug":"global-pulse-oximeter-market-report"}},{"node":{"title":"Global Probiotic Ingredients Market (By Ingredients: Lactobacilli, Bifidobacterium, Streptococcus and Bacillus. By Form- Liquid and Dry. By Application- Food & Beverages (Dairy Products, Fermented Meat, Dry Foods and Others), Dietary Supplements, Beauty Products (Cream, Oil and Lotion) and Animal Feed and By Regions)– Global Industry Analysis, Size, Share, Growth, Trends and Forecast, 2018 – 2026","slug":"global-probiotic-ingredients-market-report"}},{"node":{"title":"Global Molten Salt Reactor Market (By Fuel Type- Thorium, Uranium and Plutonium. By Application- Power & Energy, Oil & Gas, Shipping and Others and By Regions)– Global Industry Analysis, Size, Share, Growth, Trends and Forecast, 2018 – 2026","slug":"global-molten-salt-reactor-market"}},{"node":{"title":"Global Business Intelligence Software Market (By Types - Software and Services.  By Data type - Structured, Semi-Structured and Unstructured. By End-Use Industry - BFSI, Government, Education, Healthcare, IT & Telecom and Others. By Business Type - Small-Medium Enterprises and Large Enterprises and By Regions)– Global Industry Analysis, Size, Share, Growth, Trends and Forecast, 2018 – 2026","slug":"global-business-intelligence-software-market"}},{"node":{"title":"Global Airport Autonomous Tractor Market (By Component- Ultrasonic Sensors, LIDAR, Camera, GPS and Others. By Type- Push Back Tractor, Baggage Handling Tractors and Tow Tractors. By Application- Luggage and Freight and By Regions)– Global Industry Analysis, Size, Share, Growth, Trends and Forecast, 2018 – 2026","slug":"global-airport-autonomous-tractor-market"}},{"node":{"title":"Global Aerogel Market (By Types: Metal Oxides, Silica, Carbon and Others -  By Product Form- Powder, Blanket, Block and Panel, By End-Use Industry- Construction, Subsea, Paints & Coatings, Electronics, Transportation and Others and By Regions)– Global Industry Analysis, Size, Share, Growth, Trends and Forecast, 2018 – 2026","slug":"global-aerogel-market"}},{"node":{"title":"Global Bronchial Thermoplasty Market (By Age Group: 18-30 years, 30-50 years, and Greater than 50 years. By Regions: North America, Europe, Asia-Pacific, Middle East and Africa, and Latin America)– Global Industry Analysis, Size, Share, Growth, Trends and Forecast, 2018 – 2026","slug":"global-bronchial-thermoplasty-market"}},{"node":{"title":"Global Bronchial Thermoplasty Market (By Age Group: 18-30 years, 30-50 years, and Greater than 50 years. By Regions: North America, Europe, Asia-Pacific, Middle East and Africa, and Latin America)– Global Industry Analysis, Size, Share, Growth, Trends and Forecast, 2018 – 2026","slug":"global-bronchial-thermoplasty-market"}},{"node":{"title":"testing","slug":"testing"}},{"node":{"title":"Global Cell Counting Market (By Product Type- Instruments and Consumables. By End-user- Pharmaceuticals, Research Institutes and Hospitals and Pathology Labs and By Regions)– Global Industry Analysis, Size, Share, Growth, Trends, and Forecast, 2018 – 2025","slug":"global-cell-counting-market"}},{"node":{"title":"Global Cell-Based Assay Market (By Product Type- Assay kits, Instruments, Reagents, Software and Services. By Application- Toxicology, ADME Studies and Drugs Discovery. By End-user- Research Institutes, Pharmaceutical and Biotechnology Companies, and Contract Research Organizations and By Regions)– Global Industry Analysis, Size, Share, Growth, Trends and Forecast, 2018 – 2025","slug":"global-cell-based-assay-market"}},{"node":{"title":"Global Bioinformatics Market (By Products and Services- Knowledge Management Tools, Bioinformatics Services and Bioinformatics Platform. By Application- Chemoinformatic, Genomics, Proteomics, Transcriptomics, Metabolomics, and Others. By End-user- Pharmaceuticals, Education, Forensic, Environment and Others and By Regions)– Global Industry Analysis, Size, Share, Growth, Trends and Forecast, 2018 – 2025","slug":"global-bioinformatics-market"}},{"node":{"title":"Global 3D Cell Culture Market (By Technology- Scaffold-Based, Scaffold-Free and 3D Bioreactor. By Application- Tissue Engineering, Organ-on-Chips, Drugs Discovery and Testing, Cancer Research and Others. By End-user- Research Institutes, Hospitals, Pathology Laboratories and Others and By Regions)– Global Industry Analysis, Size, Share, Growth, Trends and Forecast, 2018 – 2025","slug":"3d-cell-culture-market"}},{"node":{"title":"Global Commercial Aircraft Engine Outsourcing Market (By Engine OEMs – Rolls Royce, Pratt & Whitney, General Electric Aviation, and Safran S.A.) – Global Outsourcing Analysis, Size, Share, Growth, Trends, and Industry Mapping, 2017 – 2025","slug":"aircraft-engine-outsourcing-market"}},{"node":{"title":"Global Trace Metal Sensors Market (By Technology- Atomic Absorption Spectroscopy (AAS), Inductively Coupled Plasma Mass Spectrometry (ICP-MS), Inductively Coupled Plasma/Atomic Emission Spectrometry (ICP-AES), and Others. By Type- Bio-Sensor, Chemo-Sensor, Electrochemical Sensor, Piezoelectric Sensor, Three-Electrode On-Chip Sensor, and Others. By Application- Chemicals, Food and Catalysts, Packaging and Pharmaceuticals, Crude Oil Petroleum, Consumer Products, and Others) – Global Industry Analysis, Size, Share, Growth, Trends, and Forecast, 2017 – 2025","slug":"global-trace-metal-sensors-market"}},{"node":{"title":"Global Medical Fiber Optics Market (By Type- Single Mode Fiber, Multi-Mode Fiber, and Others. By Product- Endoscopes, Fiber Optics Biomedical Sensors, Fiber Optics Dental Lights, Fiber Optic Lasers, and Fiber Optic Surgical Lights. By Application- Clinical & Lab Diagnostics, Dental Hand Pieces, Endoscopy, Light Therapy, Ophthalmic Lasers, X-Ray Imaging, and Others. By End-Users- Ambulatory Surgical Centers, Hospitals, and Others)– Global Industry Analysis, Size, Share, Growth, Trends and Forecast, 2017 – 2025","slug":"global-medical-fiber-optics-market"}},{"node":{"title":"Global Supercapacitor Market (By Product -Hardware, Software and Services, By Application- Automated Production, Material Handling, Multi-Processing and Post Processing, By End-User- Healthcare and Defense & Aerospace and By Regions) – Global Industry Analysis, Size, Share, Growth, Trends and Forecast, 2018 – 2025","slug":"global-supercapacitor-market"}},{"node":{"title":"Global Laparoscopy Devices Market (By Types- Insufflation Devices, Laparoscope, Robotics Assisted Laparoscopic Devices, Trocar / Access Devices, and Others. By Access Devies Size- 2mm, 3mm, 5mm, 10mm, and Others. By Application- General Surgery, Gynaecological Surgery, Spinal Surgery, Bariatric Surgery, and Others. By End-Users- Ambulatory Surgical Centers, Hospitals, and Others.)– Global Industry Analysis, Size, Share, Growth, Trends and Forecast, 2017 – 2025","slug":"global-laparoscopy-devices-market"}},{"node":{"title":"Global Nanophotonics Market (By Materials- Quantum Dots, Nanowires, Photonic Crystals, and Nanotubes. By Application- Indicators, Material Science, Consumer Electronics, Non-Visible Wavelength Instruments, and Others. By Components- Optical Fibers, Optical Switches, LEDs, PV Cells, OLEDs, and Holographic Memory) – Global Industry Analysis, Size, Share, Growth, Trends, and Forecast, 2017 – 2025”","slug":"global-nanophotonics-market"}},{"node":{"title":"Global Automated 3D Printing Market (By Product -Hardware, Software and Services, By Application- Automated Production, Material Handling,Multi-Processing and Post Processing, By End-User- Healthcare and Defense & Aerospace and By Regions) – Global Industry Analysis, Size, Share, Growth, Trends and Forecast, 2017 – 2025","slug":"global-automated-3d-printing-market"}},{"node":{"title":"Global Arc Rated & Flame-Resistant Apparels Market (By Fibers- Modacrylic, Nomex, Kevlar, and Polyester. By Types Of Clothing- Coveralls, Jackets & Trousers, Switching Suits, Visors/Face Shields, Gloves, and Others. By Application- Mining, Defence And Public Safety Services, Manufacturing Industries, Chemical and Petrochemical Industries, and Others)– Global Industry Analysis, Size, Share, Growth, Trends and Forecast, 2018 – 2025","slug":"global-arc-rated-flame-resistant-apparels-market"}},{"node":{"title":"Global Terminal Tractors  /  Yardspotters Market (By Component- Front and Rear Axle Parts, Electronic and Hydraulic Joysticks and Control Lever, Brake Pedals and Accelerators, Engine Parts, Transmission Parts, and Others. By Models- On-Road Trucks and Off-Road Trucks. By Application- Ports, Rail Terminals, Manufacturing Industries, Warehouses, and Logistics Centers)– Global Industry Analysis, Size, Share, Growth, Trends and Forecast, 2018 – 2025","slug":"global-terminal-tractors-yardspotters-market"}},{"node":{"title":"Global Train Collision Avoidance System Market (By Component- Ultrasonic Sensors, LDR Sensors, Zigbee Device, Microcontroller, RF Transmitter & Receiver, IR Sensors, GPS, and Others. By Monitoring- OTMS, OTDRs. By Deployment (Shadow Costing) – Collision Avoidance System in Signals, Collision Avoidance System in Railway Tracks, and Collision Avoidance System On-Board)– Global Industry Analysis, Size, Share, Growth, Trends and Forecast, 2018 – 2025","slug":"global-collision-avoidance-system-technology-market"}},{"node":{"title":"Global Aircraft Exhaust System Market (By Aircraft Types- Passenger, Cargo Helicopters, Amphibious and Others. By Engine Types-Turbojet, Turboprop, Turboshaft and Turbofan. By Application- Defence and Military, Commercial, Private and Others)– Global Industry Analysis, Size, Share, Growth, Trends and Forecast, 2018 – 2025","slug":"global-aircraft-exhaust-system-market"}},{"node":{"title":"Global Electrical Insulating Varnish Market (By Product- Wire Enamels, Impregnation Varnish, Silicon Insulating Varnish, Coating Varnish, Bonding Varnish, and Others. By Application- Sensors, Transformers, Electric Tools, Automobile, Motors, Home Appliance, and Others. By Method Of Application- Vacuum Pressure Impregnation (VPI) Method, Trickle Impregnation Method, and Dip and Flood Impregnation Method) – Global Industry Analysis, Size, Share, Growth, Trends, and Forecast, 2018 – 2025","slug":"global-electrical-insulating-varnish-market"}},{"node":{"title":"Global Electrical Submersible Pumps (ESPs) Market (By Types- High Temperature Pumps and Low Temperature Pumps. By Product- Open Well Submersible Pumps, Bore Well Submersible Pumps, and Non-Clog Submersible Pumps. By Application- Oil & Gas, Agriculture, Firefighting, Construction, Mining, and Others. By Components- Power Cables, Three-Phase Induction Motors, Multi-Staged Centrifugal Pump, Seal Chamber Section, and Surface Controls) – Global Industry Analysis, Size, Share, Growth, Trends, and Forecast, 2018 – 2025","slug":"global-electrical-submersible-pumps-esp-market"}},{"node":{"title":"Global Electrical Galvanized Steel Market (By Types- Galvanized Steel Coil, Galvanized Steel Tube, Galvanized Steel Strip, Galvanized Steel Wire, and Galvanized Steel Sheet. By Application- Automotive, Construction, Industrial, and Home Appliances) – Global Industry Analysis, Size, Share, Growth, Trends, and Forecast, 2018 – 2025","slug":"global-electrical-galvanized-steel-market"}},{"node":{"title":"Global Biological Sensors Market (By Types- Electrochemical Biosensor, Amperometric Biosensor, Blood Glucose Biosensor, Potentiometric Biosensor, Thermometric Biosensor, Fiber Optic Lactate Biosensor, Piezoelectric Biosensor, and Others. By Industry- Food, Automotive, Agriculture, Medicine, and Others) – Global Industry Analysis, Size, Share, Growth, Trends, and Forecast, 2018 – 2025","slug":"global-biological-sensors-biosensors-market"}},{"node":{"title":"Global Cloud Services Brokerage Market (By Service Type- Catalog Management, Workload Management, Operations Management, Integration, Training and Consulting, and Support and Maintenance. By Deployment Type- Public Cloud, Private Cloud, and Hybrid Cloud. By Platform- Internal Brokerage Enablement and External Brokerage Enablement. By Organization Size- SMEs and Large Enterprises. By Vertical- Telecommunication & IT, BFSI, Government and Public Sector, Healthcare and Life Sciences, Manufacturing, and Others) – Global Industry Analysis, Size, Share, Growth, Trends and Forecast, 2018 – 2025","slug":"global-cloud-services-brokerage-market"}},{"node":{"title":"Global Biopesticides Market (By Product Type- Biofungicides, Bioinsecticides, Bionematicides, Biorodenticides, and Others. By Ingredients- Biochemicals, Beneficial Insects, and Microbes. By Form- Liquid-Based, Powder-Based, and Others. By Crop- Cereals, Pulses, Fruits & Vegetables, and Others. By Application- Foliar Spray, Seed Treatment, Post-Harvest, and Others)– Global Industry Analysis, Size, Share, Growth, Trends and Forecast, 2018 – 2025","slug":"global-bio-pesticides-market"}},{"node":{"title":"Global Artificial Graphite Market (By Types- Carbon Fiber, Graphite Electrode, Graphite Powder, Isotropic Graphite, and Others. By Application- Batteries, Lubricants, Metal Manufacturing, Solar Panels, Nuclear Energy, and Others. By End-Users- Aerospace & Defense, Automotive, Electronic, Metal, Nuclear, and Others)– Global Industry Analysis, Size, Share, Growth, Trends and Forecast, 2018 – 2025","slug":"global-artificial-synthetic-graphite-market"}},{"node":{"title":"Global Nasal Irrigation Market (By Product-Neti Pot, Baby Bulb Syringe, and Teledyne Waterpikwith Adaptor. By Application- Chronic Sinusitis, Rhinitis, Acute Upper Respiratory Infection, and Sinus Surgery.By End-User- Hospitals, Clinics, and Household) – Global Industry Analysis, Size, Share, Growth, Trends and Forecast, 2017 – 2025","slug":"global-nasal-irrigation-market"}},{"node":{"title":"Global UHT Processing Market (By Type of Equipment Operation- Direct and Indirect. By End-Product Form- Liquid, and Semi-Liquid. By Application- Fruits & Vegetable Juices, Milk, Soups, Wine, and Others.) – Global Industry Analysis, Size, Share, Growth, Trends and Forecast, 2017 – 2025","slug":"global-UHT-Processing-Market"}},{"node":{"title":"Global Hops Market (By Chemical Composition- Alpha Acids, Essential Oils, Flavonoids, and Others. By Types- Aroma Hops, Bitter Hops, Dual Purpose Hops. By Application- Beverages, Cosmetics, Herbal Treatment, Pharmaceutical, and Others.) – Global Industry Analysis, Size, Share, Growth, Trends and Forecast, 2017 – 2025","slug":"global-hops-market"}},{"node":{"title":"Global Gluten Free Beer Market (By Product- Ale, Craft, and Lager. By Ingredients- Buckwheat, Corn, Millet, Rice, Sorghum, and Others. By Packaging- Cans, and Bottles. By Application- Bars, Liquor Stores, Online, and Supermarkets.) – Global Industry Analysis, Size, Share, Growth, Trends and Forecast, 2017 – 2025","slug":"global-gluten-free-beer-market"}},{"node":{"title":"Global E-Textiles Market (By Types- Active E-Textiles, Passive E-Textiles, and Ultra-Smart Textiles. By Function- Energy Harvesting, Luminescence, Sensing, Thermoelectricity, and Others. By End-User- Entertainment & Fashion, Healthcare, Military & Defense, Sports & Fitness, and Others.) – Global Industry Analysis, Size, Share, Growth, Trends and Forecast, 2017 – 2025","slug":"global-e-textiles-market"}},{"node":{"title":"Global Dairy Enzymes Market (By Types- Chymosin, Microbial Rennet, Lactase, and Others. By Source- Animal & Microorganism, and Plants. By Application- Cheese, Desserts, Kefir, Yogurt, and Others.) – Global Industry Analysis, Size, Share, Growth, Trends and Forecast, 2017 – 2025","slug":"global-dairy-enzymes-market"}},{"node":{"title":"Global Conditioning Agents Market (By Types- Skin Conditioning Agents, Hair Conditioning Agents, and Fabric Conditioning Agents. By Price Range- Economic, Medium, and Premium. By Application- Commercial, Household and Others) – Global Industry Analysis, Size, Share, Growth, Trends and Forecast, 2017 – 2025","slug":"global-conditioning-agents-market"}},{"node":{"title":"Global Car Air Purifier Market(By Types- Air Purifier, Air Ionizer, and Hybrid. By Product- Built-In, Counter-Top, and Lighter. By Technology- Active Carbon Systems, Electrostatics, High Efficiency Particulate Arrestor Filter, and UV & Ionizers.  By Application- Light Commercial Vehicles, Passaenger Vehicles, and Others.) – Global Industry Analysis, Size, Share, Growth, Trends and Forecast, 2017 – 2025","slug":"global-car-air-purifier-market"}},{"node":{"title":"Global Baby Diapers Market (By Product Type- Biodegradable Diapers, Cloth Diapers, Disposable Diapers, Training Napies, and Others. By Absorption Type- High Absorption, and Low Absorption. By Baby Weight- <6 lbs, 6-10 lbs, 8-14 lbs, 13-28 lbs, 22-36 lbs, and 34+ lbs. By Distribution Channel- Convenience Stores, Hypermarkets & Supermarkets, Online Stores, and Others.) – Global Industry Analysis, Size, Share, Growth, Trends and Forecast, 2017 – 2025","slug":"global-baby-diapers-market"}},{"node":{"title":"Global Automotive Cybersecurity Market (By Vechicle Type- Passenger Vehicles, Light Commercial Vehicles, and Heavy Commercial Vehicles. By Solution- Hardware-based, Software-based, and Professional-based. By Security- Application, Cloud, Endpoint, Network, and Wireless. By Application- Communication, Infotainment, On Board Diagnostics, Safety, Telematics, and others.) – Global Industry Analysis, Size, Share, Growth, Trends and Forecast, 2017 – 2025","slug":"global-automotive-cybersecurity-market"}},{"node":{"title":"Global Athletic Footwear Market (By Product Types- Backpacking Shoes, Hiking Shoes, Insert Shoes, and Sports Shoes. By Consumer- Kids, Men, Women. By Distribution Channel- Online Stores, Sports & Athletic Stores, Shoe Stores, and Others.  By Application- Outdoor, Performance, and Others.) – Global Industry Analysis, Size, Share, Growth, Trends and Forecast, 2017 – 2025","slug":"global-athletic-footwear-market"}},{"node":{"title":"Global Anti-Aging Products Market (By Demography- Generation X, Generation Y, and Baby Boomers. By Core Industries- Skin Care, and Hair Care. By Products- Natural Products, Anti-Wrinkle Products, UV Absorbers, Hair Care Products, and Others.  By Devices- Laser Aesthetics, Microdermabrasion, Ultrasound, and Others.  By Distribution Channel- Hypermarkets & Supermarkets, Online Channel, Specialty Stores, and Others.) – Global Industry Analysis, Size, Share, Growth, Trends and Forecast, 2017 – 2025","slug":"global-anti-ageing-products-market"}},{"node":{"title":"Global User Activity Monitoring Market (By Technology- Log Management, Visual Forensics, Behaviour Analytics, Auditing & Reporting, and Others. By Application- System Monitoring, File Monitoring, Database Monitoring, Network Monitoring, Application Monitoring, and Others. By End- User- IT and Telecom, Government & Defence, Healthcare, Banking Financial Services & Insurance, and Others)– Global Industry Analysis, Size, Share, Growth, Trends and Forecast, 2017 – 2025","slug":"global-user-activity-monitoring-market"}},{"node":{"title":"Global Stem Cell Manufacturing Market (By Types- Hematopoietic stem cells, Induced Pluripotent Stem Cells, Mesenchymal Stem Cells, and Embryonic Stem Cells. By Application- Drug Discovery & Development, Allogenic Stem Cell Therapy, Autologous Stem Cell Therapy, and Cell & Tissue Banking. By End- User- Healthcare &Surgical Centre, Research Organization, Pharmaceutical Companies, and Others) – Global Industry Analysis, Size, Share, Growth, Trends and Forecast, 2017 – 2025","slug":"global-stem-cell-manufacturing-market"}},{"node":{"title":"Global Smart Stadium Market (By Software- Digital Content Management, Integrate Security System, Building Automation, Event Management, Command & Control Center, and Crowd Management . By Service- Professional Service, and Managed Service. By Platform- Application Management Platform, Device Management Platform, and Network Management Platform)– Global Industry Analysis, Size, Share, Growth, Trends and Forecast, 2017 – 2025","slug":"global-smart-stadium-market"}},{"node":{"title":"Global Neuroendoscopy Market (By  Device Type- Rigid Neuroendoscopes, and Flexible Neuroendoscopes. By Surgery Type- Transcranial, Transnasal, and Intraventricular)– Global Industry Analysis, Size, Share, Growth, Trends and Forecast, 2017 – 2025","slug":"global-neuroendoscopy-market"}},{"node":{"title":"Global Intraocular Lens Market (By  Product Type- Monofocal Intraocular lens, Multifocal Intraocular Lens, Toric Intraocular Lens, Phakic Intraocular Lens and Others. By Material- Silicone, Polymethylmethacrylate, Hydrophobic Acrylic. By End- User- Eye Research Institutes, Ophthalmology Clinics, and Others)– Global Industry Analysis, Size, Share, Growth, Trends and Forecast, 2017 – 2025","slug":"global-intraocular-lens-market"}},{"node":{"title":"Global Infusion Pump Market (By  Product Type- Ambulatory Infusion Pumps, Volumetric Pumps, Insulin Infusion Pumps, Implantable Infusion Pumps, Syringe Pumps,and Others. By Application- Diabetes, Neonatology, Gastroenterology, Pain Management, and Others)– Global Industry Analysis, Size, Share, Growth, Trends and Forecast, 2017 – 2025","slug":"global-infusion-pump-market"}},{"node":{"title":"Global Humanized Mouse & Rat Model Market (By  Models Type- Cell- Based Models and Genetic Models. By Application- Hematopoiesis, Oncology, Toxicology, Autoimmunity, Infection Diseases, and Others. By End-User- Contract Research Organization, Pharmaceutical industry and Others) – Global Industry Analysis, Size, Share, Growth, Trends and Forecast, 2017 – 2025","slug":"global-humanized-mouse-and-rat-model-market"}},{"node":{"title":"Global Hosted PBX Market (By Organization Size- Small & Medium- Size Enterprise, and Large Organizations.. By Service Type- Managed service, Cloud & IT Service, Network Service, and Others. By End- User- Banking Financial Services & Insurance, Media & Entertainment, Telecom & IT, Government, and Others)– Global Industry Analysis, Size, Share, Growth, Trends and Forecast, 2017 – 2025","slug":"global-hosted-pbx-market"}},{"node":{"title":"Global Fragrances Market (By Type- Premium Products, Mass Products. By Ingredient Type- Natural, and Synthetic. By Product Type- Perfume, Deodorant, and Others. By Distribution Channels- Supermarket, Multi Retail Stores. Online & Others)– Global Industry Analysis, Size, Share, Growth, Trends and Forecast, 2017 – 2025","slug":"global-fragrances-market"}},{"node":{"title":"Global Drug Delivery Devices Market (By Delivery Route- Oral Route, Parenteral Route, Transdermal Route, and Inhalation Route. By Product Type- Ambulatory Infusion Pumps, Valves, Needles, Paediatric IV Sets and Others. By End- User- Diagnostic Centre, Hospitals, Ambulatory Surgical Centre, and Others) – Global Industry Analysis, Size, Share, Growth, Trends and Forecast, 2017 – 2025","slug":"global-drug-delivery-devices-market"}},{"node":{"title":"Global Dental Implants and Prosthesis Market (By Type- Intramucosal, Endosteal, Transosteal, Subperiosteal.  By Product Type- Crowns and Bridges, Dentures, Veneers, Abutments, and Others. By Price- Premium, Value, and Discounted. By Material- Titanium, Zicronium, and Others)– Global Industry Analysis, Size, Share, Growth, Trends and Forecast, 2017 – 2025","slug":"global-dental-implants-prosthesis-market"}},{"node":{"title":"Global Creatinine Assay Kits Market (By  Product Type- Cell- ELISA Test Kits, Jaffe’s Kinetic Test Kits, and Creatinine- PAP Test Kits. By Sample Type- Saliva, Blood/ Serum, Urine, and Other Samples.By End- User- Hospitals, Research & Consulting Centre, Contract Research Organization and Others) – Global Industry Analysis, Size, Share, Growth, Trends and Forecast, 2017 – 2025","slug":"global-creatinine-assay-kits-market"}},{"node":{"title":"Global Contract Research Organization Services Market (By  Type- Clinical Research Services, Preclinical Research Services, Analytical Testing Services, Bioanalytical Testing Services, Stability Testing, Consulting Services, and Others. By Application- Diabetes, Oncology, Cardiovascular Diseases, Central Nervous System Disorders, and Others)– Global Industry Analysis, Size, Share, Growth, Trends and Forecast, 2017 – 2025","slug":"global-contract-research-organization-services-market"}},{"node":{"title":"Global Cell Harvesting Market (By Types- Automated Cell Harvesters, and Manual Cell Harvesters. By Application- Adipose Tissue, Bone Marrow, Umbilical Cord Blood, and Peripheral. By End- User- Healthcare Centre, Research Organization, Diagnostic Labs, and Others) – Global Industry Analysis, Size, Share, Growth, Trends and Forecast, 2017 – 2025","slug":"global-cell-harvesting-market"}},{"node":{"title":"Global Cell Culture Market (By  Product Type- Equipments  and Consumables. By Application- BioPharmaceutical, Cancer research, Tissue Culture, Gene Therapy, and Others)– Global Industry Analysis, Size, Share, Growth, Trends and Forecast, 2017 – 2025","slug":"global-cell-culture-market"}},{"node":{"title":"Global Cardiovascular Monitoring & Diagnostics Devices Market (By  Product Type- ECG Systems, ECG Management Systems, Event Monitors, Holter Monitors, and Implantable Loop Recorders)– Global Industry Analysis, Size, Share, Growth, Trends and Forecast, 2017 – 2025","slug":"global-cardiovascular-monitoring-diagnostics-devices-market"}},{"node":{"title":"Global Cardiac Monitoring & Cardiac Rhythm Management Devices Market (By  Device Type- Electrocardiogram (ECG) devices, Cardiac Output Monitoring Devices, Ventricular Assist Devices, Packers, Cardiac Resynchronization therapy devices, and Others. By Technology- Manual Event Monitors, and Autodetect Monitors. By End- User- Hospitals & Clinics, Home Setting, and Ambulatory Surgical Centers (ASCS))– Global Industry Analysis, Size, Share, Growth, Trends and Forecast, 2017 – 2025","slug":"global-cardiac-monitoring-cardiac-rhythm-management-devices-market"}},{"node":{"title":"Global Capacity Management Market (By Component- Solution, and Services. By Application- Enterprise Resource Planning (ERP), Customer Relationship Management (CRM), Supply Chain Management (SCM), and Production Planning System(PPS). By End- User- Telecom Industry, Healthcare, Retail, and Others) – Global Industry Analysis, Size, Share, Growth, Trends and Forecast, 2017 – 2025”","slug":"global-capacity-management-market"}},{"node":{"title":"Global Blue Biotechnology Market (By Product Type- Pharma, Biofuels, Food, Enzymes, Biopolymers, and Others. By Application- Vaccine Development, Genomics, Drug Finding, and Others. By End- User- Pharmaceutical Companies, Biotechnology Companies, Research Organization, Healthcare Centre, and Others) – Global Industry Analysis, Size, Share, Growth, Trends and Forecast, 2017 – 2025","slug":"global-blue-biotechnology-market"}},{"node":{"title":"Global Bio Polymers Market (By Product Type- Biodegradable Polyesters, Polyhydroxyalkanoate (PHA), Bio-PE, Poly Lactic Acid (PLA) And Others. By End-User – Consumer Goods Sector, Packaging Sector, Horticulture Sector and Others. By Application- Food Industry, Pharmaceutical, Textile and Others) – Global Industry Analysis, Size, Share, Growth, Trends and Forecast, 2017 – 2025","slug":"global-bio-polymers-market"}},{"node":{"title":"Global Augmented Reality Mobile Application Market (By Component- Hardware and Software. By Application- Gaming & Entertainment, Lifestyle & Healthcare, Marketing & Advertisement, Education & Learning, and Others) – Global Industry Analysis, Size, Share, Growth, Trends and Forecast, 2017 – 2025","slug":"global-augmented-reality-mobile-application-market"}},{"node":{"title":"Global Artificial Intelligence Chipsets Market (By Technology Type- Machine Learning, Natural Language Processing, Artificial Super Intelligence, Artificial General Intelligence and Others. By Component- Hardware, Software, and Service. By Application- Smartphones, Robotics, Security Systems, Medical Imaging and Others. By End- User- Healthcare, Banking & Financial Services, Media & Entertainment, IT & Telecommunication and Others) – Global Industry Analysis, Size, Share, Growth, Trends and Forecast, 2017 – 2025","slug":"global-artificial-intelligence-chipsets-market"}},{"node":{"title":"Global Artificial Intelligence Sensors Market (By Technology Type- Neural Networks, Case- Based Reasoning, Inductive Learning, Ambient- Intelligence and Others. By Application- Health Monitoring, Maintenance & Inspection, Biosenor, Human- Computer Interaction and Others) – Global Industry Analysis, Size, Share, Growth, Trends and Forecast, 2017 – 2025","slug":"global-artificial-intelligence-sensors-market"}},{"node":{"title":"Global App Based on Call Taxi Market (By Car Type- Hatchback, Sedan, Multi Utility Vehicle, and Others. By Trip Type- Inter City Point to Point, Intra City, Airport Drop, and Others. By Services- Location Tracking, Built- in Maps & Traffic Data, Fare Calculation, Payment System Integration, Rating Systems. By End- user- Corporate Business, Individual and Travel Agencies) – Global Industry Analysis, Size, Share, Growth, Trends and Forecast, 2017 – 2025","slug":"global-app-based-on-call-taxi-market"}},{"node":{"title":"Global Agricultural Biotechnology Market (By  Product Type- Transgenic Seeds, and Crop Protection Products. By Technology- Genome Editing Tools, Synthetic Biology, Deoxy Ribonucleic Acid Interference ( DNA), and Biochip)– Global Industry Analysis, Size, Share, Growth, Trends and Forecast, 2017 – 2025","slug":"global-agricultural-biotechnology-market"}},{"node":{"title":"Global Taps and Dies Market (By Types- Hand Taps, HSS Taps, Pipe Die, Round Die, and Others. By Lubrication- Carbon Steel, Alloy Steel, Cobalt, High Speed Steel, Tin Coated, and others. By End-Users- Household & DIY, Automotive, Electronics, Infrastructure, and others.  By Distribution Channel- Distributor, Retail, and Online) – Global Industry Analysis, Size, Share, Growth, Trends and Forecast, 2017 – 2025","slug":"global-taps-and-dies-market"}},{"node":{"title":"Global Rheumatology Therapeutics Market (By Drug Types- Disease Modifying Anti-Rheumatic Drugs, Corticosteroids, Non-Steroidal Anti-Inflammatory Drugs, Immunosuppressant Drugs, and Biologics. By Disease Types- Rheumatoid Arthritis, Gout, Osteoarthritis, Juvenile Idiopathic Arthritis, Scleroderma, Sjogren’s Syndrome, and others. By Method of Administration- Topical, Oral, and Parenteral Administration. By Distribution Channel- Hospital, Online, Retail, and others.) – Global Industry Analysis, Size, Share, Growth, Trends and Forecast, 2017 – 2025","slug":"global-rheumatology-therapeutics-market"}},{"node":{"title":"Global Pharmaceutical Packaging Equipment Market (By Product Types- Liquid, Solid, and Semi-Solid Packaging Equipment. By Package Types- Primary, Secondary, Labeling and Serialization Equipment. By Equipment- Blenders, Granulators, Tablet Pressers, Tablet Coating Machines, allied machines, and others. By Mode of Administration- Injectable, Topical, and Oral Administration) – Global Industry Analysis, Size, Share, Growth, Trends and Forecast, 2017 – 2025","slug":"global-pharmaceutical-packaging-equipment-market"}},{"node":{"title":"Global Parkinson’s Disease Treatment Market-(By Product- Carbidopa/Levodopa, Dopamine Receptor Agonists, MAO Inhibitors, COMT Inhibitors, Anticholinergics, and Other Drugs, By Channel Of Distribution- Hospitals, Healthcare Institutes and Others, By Geography- North America, Europe, Asia-Pacific, Middle-East and Africa, and Latin America) – Global Industry Analysis, Size, Share, Growth, Trends and Forecast, 2017 – 2025","slug":"global-parkinsons-disease-treatment-market"}},{"node":{"title":"Global Insulin Pen Needles Market (By Types- Standard Insulin Pen Needle, and Safety Insulin Pen Needle. By Length- 4mm, 5mm, 6mm, 8mm, 10mm, and 12mm. By Therapy- Insulin, Growth Hormone, and Glucagon-Like-Peptide-1. By Application- Type I Diabetes, and Type II Diabetes. By End-Users- Hospitals, Home Healthcare, Clinics, OTC, and Others.) – Global Industry Analysis, Size, Share, Growth, Trends, and Forecast, 2017 – 2025","slug":"Global-Insulin-Pen-Needles-Market"}},{"node":{"title":"Global Actuator and Valve Market (By Types- Actuator and Valves. By Applications- Agriculture, Water & Waste Water, Minerals & Metals, Energy & Power, Oil & Gas, and Others) – Global Industry Analysis, Size, Share, Growth, Trends and Forecast, 2017 – 2025","slug":"Global-Actuator-and-Valve"}},{"node":{"title":"sample report","slug":"sample-report"}},{"node":{"title":"sample report","slug":"sample-report"}},{"node":{"title":"sample report","slug":"sample-report"}},{"node":{"title":"sample report","slug":"sample-report"}},{"node":{"title":"sample report","slug":"sample-report"}},{"node":{"title":"sample report","slug":"sample-report"}},{"node":{"title":"sample report","slug":"sample-report"}},{"node":{"title":"sample","slug":"same"}},{"node":{"title":"Global Automated Flight Information Reporting System Market (By function- Data Collection and Transmission, Engine and Airframe Data, On-Demand Streaming Of Flight Data Recorder, Safety Services, and Others. By Application- Passenger Flights, Military Aircrafts, and Cargo Flights) – Global Industry Analysis, Size, Share, Growth, Trends and Forecast, 2017 – 2025","slug":"global-automated-flight-information-reporting-system-market"}},{"node":{"title":"Global Wi-Fi Routers Market (By Bands- Single, Dual and Tri. By Type- 54 Mbps, 108 Mbps, 150 Mbps, 300 Mbps, 450 Mbps, 600 Mbps, 750 Mbps, 1000 Mbps and Others. By Applications- Home/ Office, Healthcare Centres, BFSI, Education Centres and Others) – Global Industry Analysis, Size, Share, Growth, Trends and Forecast, 2017 – 2025","slug":"global-wifi-routers-Market"}},{"node":{"title":"Global Satellite-Based Earth Observation Market- {By Verticals- Industrial, Defence & Intelligence, Energy & Natural Resources, Infrastructure and Engineering, Weather, Navigation Services, Information Management System And Others. By Instrument Resolution- Data, VAS (Value Added Services), IP (Internet Protocol) and Big Data Analytics} – Global Industry Analysis, Size, Share, Growth, Trends, and Forecast, 2017 – 2025","slug":"global-satellite-based-earth-observation-market"}},{"node":{"title":"Global Proximity Switches/Sensors Market (By Technology- Inductive, Capacitive, LVDT, Ultrasonic and Photoelectric. By Type- Vibration Monitoring, Parking Sensor, Conveyor Systems, Assembly Lines and Others. By Chip Type- Single Chip and Multi-Chip. By Application- Aerospace & Defence, Industrial, Automotive, Food & Beverage, Consumer Electronics, Pharmaceutical and Others) – Global Industry Analysis, Size, Share, Growth, Trends and Forecast, 2017 – 2025","slug":"global-proximity-switches-sensors-market"}},{"node":{"title":"Global Enterprise Software Market (By Types- Customer Relationship Management (CRM), Enterprise Resource Planning (ERP), Supply Chain Management, Business Intelligence (BI), Enterprise Content Management (ECM), and Web Conferencing & Collaboration. By Solutions- Cloud Virtualization, SDN Switching and SDN Controllers. By End-Users- BFSI, Media & Entertainment, Transportation, Telecommunication, Healthcare & Life Sciences, Energy & Utilities and Others) – Global Industry Analysis, Size, Share, Growth, Trends, and Forecast, 2017 – 2025","slug":"global-enterprise-software-market"}},{"node":{"title":"Global Commercial Refrigeration Market (By Equipment Type- Transportation Refrigeration Equipment, Refrigerators & Freezers and Beverage Refrigeration. By End-User- Hypermarkets, Supermarkets, E-Commerce, Convenience Stores, Hotels & Restaurants and Others. By Application- Food & Beverage Retail, Food Service and Food & Beverage (Non-retail) – Global Industry Analysis, Size, Share, Growth, Trends and Forecast, 2017 – 2025","slug":"global-commercial-refrigeration-market"}},{"node":{"title":"Global Chatbot Market (By Product- Human Intelligence, Artificial Intelligence and Marketing. By Type- Web-Based, Stand-Alone and Messenger Based. By Application- Healthcare, Media & Entertainment, Banking, Financial Services, And Insurance, Retail, Travel & Tourism, E-Commerce and Others. By End-User- Small Enterprises, Medium Enterprises and Large Enterprises) – Global Industry Analysis, Size, Share, Growth, Trends and Forecast, 2017 – 2025","slug":"global-chatbot-market"}},{"node":{"title":"Global Handheld Device Processors Market (By Type- Integrated Processors, Stand-Alone Processors, 32-Bit Processor and 64-Bit Processor. By Application- Smartphones, Tablets, Gaming Consoles, Automotive Navigation Devices and Others) – Global Industry Analysis, Size, Share, Growth, Trends and Forecast, 2016 – 2025","slug":"Global-Handheld-Device-Processors-Market"}},{"node":{"title":"Global Sheet Face Masks Market (By Fabric Type- Non-Woven Fiber, Hydrogel Masks, Cottons, Bio Cellulose, Pulp, Foil Sheet Masks, Clay and Charcoal Sheet Masks and Others. By Category- Premium Sheet Face Masks and Mass Sheet Face Masks. By Distribution Channel- Supermarkets/ Hypermarkets, Retail Stores, Online Market and Others) – Global Industry Analysis, Size, Share, Growth, Trends and Forecast, 2017 – 2025","slug":"Global-Sheet-Face-Masks-Market"}},{"node":{"title":"North America Freight and Logistics Market (By Transport Type- Railways, Roadways, Airways, Waterways and Others. By Application- Commercial, Residential and Industrial. By End-User- Manufacturing and Construction, Trade and Transport, Energy and Utilities, Healthcare, Retail and Others) – Industry Analysis, Size, Share, Growth, Trends and Forecast, 2017 – 2025","slug":"North-America-Freight-and-Logistics-Market"}},{"node":{"title":"Global Feminine Hygiene Market (By Product Type- Sanitary Pads, Tampons, Panty Liners, Feminine Hygiene Wash, Menstrual Cup and Disposable Razors and Blades. By Distribution Channels- Supermarkets/Hypermarkets, Pharmacies & Beauty Stores, Drug Stores, Convenience Stores, and Online Purchase) – Global Industry Analysis, Size, Share, Growth, Trends and Forecast, 2017 – 2025","slug":"Global-Feminine-Hygiene-Market"}},{"node":{"title":"Global Condom Market (By Material- Latex and Non-Latex. By Type- Male Condom and Female Condom. By Distribution Channel- Supermarkets/ Hypermarkets, Drug Stores, Specialty Stores and Online) – Global Industry Analysis, Size, Share, Growth, Trends and Forecast, 2017 – 2025","slug":"Global-Condom-Market"}},{"node":{"title":"Global Luxury Apparels Market (By Materials- Silk, Cotton, Leather and Others. By End-User- Men and Women. By Distribution Channel- Supermarkets/Hypermarkets, Online Stores and Others) – Global Industry Analysis, Size, Share, Growth, Trends and Forecast, 2017 – 2025","slug":"Global-Luxury-Apparels-Market"}},{"node":{"title":"Latin America and Middle East Freight and Logistics Market (By Transport Type- Railways, Roadways, Airways, Waterways and Others. By Application- Commercial, Residential and Industrial. By End-User- Manufacturing and Construction, Trade and Transport, Energy and Utilities, Healthcare, Retail and Others) – Industry Analysis, Size, Share, Growth, Trends and Forecast, 2017 – 2025","slug":"Latin-America-and-Middle-east-Freight-and-Logistics-Market"}},{"node":{"title":"Latin America and Middle East Freight and Logistics Market (By Transport Type- Railways, Roadways, Airways, Waterways and Others. By Application- Commercial, Residential and Industrial. By End-User- Manufacturing and Construction, Trade and Transport, Energy and Utilities, Healthcare, Retail and Others) – Industry Analysis, Size, Share, Growth, Trends and Forecast, 2017 – 2025","slug":"Latin-America-and-Middle-east-Freight-and-Logistics-Market"}},{"node":{"title":"Global HVAC Sensors Market (By Sensor Type- Temperature Sensors, Air Pressure Sensors, Smoke Detectors, Air Quality CO2 Sensors, Humidity Sensors, and Occupancy Sensors. By Application- Industry, Residential Buildings, Commercial Buildings and Transport and Logistics) – Global Industry Analysis, Size, Share, Growth, Trends and Forecast, 2017 – 2025","slug":"Global-HVAC-Sensors-Market"}},{"node":{"title":"Global Household Cleaners Market (By Product- Surface Cleaners, Toilet Bowl Cleaners, Glass Cleaners, Spot Removers, Carpet Cleaners and Bleaches. By Ingredients- Surfactants, Builders, Solvents, Antimicrobials, and Others. By Application- Kitchen Cleaners, Bathroom Cleaners, Floor Cleaners, Fabric Care and Others) – Global Industry Analysis, Size, Share, Growth, Trends and Forecast, 2017 – 2025","slug":"Global-Household-Cleaners-Market"}},{"node":{"title":"Global Cloud Server Market (By Computing Model- Private Cloud, Public Cloud and Hybris Cloud. By Type- Logical Cloud Server and Physical Cloud Server. By End-Users- Retail, Telecommunication & IT, BFSI, Transportation & Logistics, Healthcare and Others) – Global Industry Analysis, Size, Share, Growth, Trends and Forecast, 2017 – 2025","slug":"Global-Cloud-Server-Market"}},{"node":{"title":"Asia-Pacific Freight and Logistics Market (By Transport Type- Railways, Roadways, Airways, Waterways and Others. By Application- Commercial, Residential and Industrial. By End-User- Manufacturing and Construction, Trade and Transport, Energy and Utilities, Healthcare, Retail and Others) – Industry Analysis, Size, Share, Growth, Trends and Forecast, 2017 – 2025","slug":"Asia-Pacific-Freight-and-Logistics-Market"}},{"node":{"title":"Global Air Compressor Market (By Types- Rotary Compressor, Reciprocating Compressors and Roto-Dynamic Compressors. By Application- Oil & Gas, Food & Beverage, Chemical Plants, Automobiles, Air Blast Circuits, Electronics and Others. By Lubrication- Oil Free Air Compressors and Oil Lubricated Air Compressors) – Global Industry Analysis, Size, Share, Growth, Trends and Forecast, 2017 – 2025","slug":"Global-Air-Compressor-Market"}},{"node":{"title":"Oxygen Therapy Market (By Product Type- Oxygen concentrators, Compressed Oxygen Cylinders, Liquid oxygen systems, Hyperbaric Oxygen Therapy Chamber, Oxygen masks & Nasal Cannulas, By Application Type – COPD, Pneumonia, Asthma, Cystic Fibrosis, Acute Respiratory Distress Syndrome, Haemorrhage, Sleep Apnea& Others, By End-Users- Hospitals & Nursing Homes and By Transportability- Portable devices & Stationary devices) – Global Industry Analysis, Size, Share, Growth, Trends and Forecast, 2017 – 2025","slug":"Oxygen-Therapy-Market"}},{"node":{"title":"Global Human Microbiome Market (By Diseases – Cancer, Diabetes, Obesity, Acute Diarrhea or Metabolic Disorders, Autoimmune Disorders, Mental Disorders, Atopic Dermatitis and other diseases, By Technology- Cell Culture Technology, Omics Technology, High-Throughput Technology and Computational Tools, By Product – Consumables and Instruments, By End-Use –Prebiotics, Probiotics, Other Probiotic Supplements, Foods, Medical Foods, drugs and Diagnostic services)– Global Industry Analysis, Size, Share, Growth, Trends and Forecast, 2017 – 2025","slug":"Global-Human-Microbiome-Market"}},{"node":{"title":"Global Human Microbiome Market (By Diseases – Cancer, Diabetes, Obesity, Acute Diarrhea or Metabolic Disorders, Autoimmune Disorders, Mental Disorders, Atopic Dermatitis and other diseases, By Technology- Cell Culture Technology, Omics Technology, High-Throughput Technology and Computational Tools, By Product – Consumables and Instruments, By End-Use –Prebiotics, Probiotics, Other Probiotic Supplements, Foods, Medical Foods, drugs and Diagnostic services)– Global Industry Analysis, Size, Share, Growth, Trends and Forecast, 2017 – 2025","slug":"Global-Human-Microbiome-Market"}},{"node":{"title":"CAR T CELL THERAPY MARKET (BY TARGETED ANTIGEN – HER1, HER2, CD19, CD20, CD22, CD30, CD33, GD2, MESO AND EGFRVIII, BY TREATMENT - NON-HODGKIN LYMPHOMA (NHL), CHRONIC LYMPHOCYTIC LEUKEMIA (CLL), ACUTE LYMPHOBLASTIC LEUKEMIA (ALL), MULTIPLE MYELOMA, ACUTE MYELOID LEUKEMIA (AML), BREAST CANCER, PANCREATIC CANCER, NEUROBLASTOMA (NB), COLON CANCER AND HEPATOCELLULAR CARCINOMA (HCC)) – GLOBAL INDUSTRY ANALYSIS, SIZE, SHARE, GROWTH, TRENDS AND FORECAST, 2017 – 2025","slug":"car-t-cell-therapy-market"}},{"node":{"title":"Global Weight Loss and Obesity Management Market (By Drug Type- Peripherally Acting Drugs and Centrally Acting Drugs. By Distribution Channel- Hypermarkets/ Supermarkets, Pharmaceutical Stores and Online Market. By Type- Over-The-Counter Drugs and Prescription Drugs. By Duration of Therapy- Short-Term Drugs and Long-Term Drugs) – Global Industry Analysis, Size, Share, Growth, Trends and Forecast, 2017 – 2025","slug":"Global-Weight-Loss-and-Obesity-Management-Market"}},{"node":{"title":"North America Vehicle Insurance Market (By Premiums- Commercial Insurance Premium and Personal Insurance Premium, Third Party Insurance: By Vehicle-Passenger cars, Heavy Commercial vehicle and Two-wheelers) – Industry Analysis, Size, Share, Growth, Trends and Forecast, 2017 – 2025","slug":"North-America-Vehicle-Insurance-Market"}},{"node":{"title":"Latin America Vehicle Insurance Market (By Premiums- Commercial Insurance Premium and Personal Insurance Premium, Third Party Insurance: By Vehicle-Passenger cars, Heavy Commercial vehicle and Two-wheelers) – Industry Analysis, Size, Share, Growth, Trends and Forecast, 2017 – 2025","slug":"Latin-America-Vehicle-Insurance-Market"}},{"node":{"title":"North America Expats Market (By Expat Type- Students, Individual Workers, Corporate Transferees, Retired Persons and Others) – Industry Analysis, Size, Share, Growth, Trends and Forecast, 2017 – 2025","slug":"North-America-Expats-Market"}},{"node":{"title":"Middle East Expats Market (By Expat Type- Students, Individual Workers, Corporate Transferees, Retired Persons and Others) – Industry Analysis, Size, Share, Growth, Trends and Forecast, 2017 – 2025","slug":"Middle-East-Expats-Market"}},{"node":{"title":"Asia-Pacific Vehicle Insurance Market (By Premiums- Commercial Insurance Premium and Personal Insurance Premium, Third Party Insurance: By Vehicle-Passenger cars, Heavy Commercial vehicle and Two-wheelers) – Industry Analysis, Size, Share, Growth, Trends and Forecast, 2017 – 2025","slug":"Asia-Pacific-Vehicle-Insurance-Market"}},{"node":{"title":"Global Hyperglycemia Medicines Market (By Product- Injectable Drugs, Oral Drugs, Insulin Pumps, Insulin Therapies, Insulin Injection Devices and Others. By Application- Type I Diabetes, Type II Diabetes and Others) – Global Industry Analysis, Size, Share, Growth, Trends and Forecast, 2017 – 2025","slug":"Global-Hyperglycemia-Medicines-Market"}},{"node":{"title":"Europe Expats Market (By Expat Type- Students, Individual Workers, Corporate Transferees, Retired Persons and Others) – Industry Analysis, Size, Share, Growth, Trends and Forecast, 2017 – 2025","slug":"Europe-Expats-Market"}},{"node":{"title":"Global Connected Medical Devices Market (By Product- Blood Pressure Monitors, Safety Monitoring Devices, ECG Monitors, Holter, Bipap And Others. By Devices- Wearable Medical Devices and Non-Wearable Medical Devices. By End-User- Clinics, Hospitals and Patient. By Application- Treatment Services, Remote Monitoring, Consultation and Diagnosis Services, Fitness and Wellness Services) – Global Industry Analysis, Size, Share, Growth, Trends and Forecast, 2017 – 2025","slug":"Global-Connected-Medical-Devices-Market"}},{"node":{"title":"Global Cold and Flu Medications (over-the-counter) Market (By Distribution Channel- Supermarkets, Drug Stores, Mass Market, and Online Market. By Dosage Types- Oral Syrups, Pills or Tablets and Nasal Drops) – Global Industry Analysis, Size, Share, Growth, Trends and Forecast, 2017 – 2025","slug":"Cold-And-Flu-Medications-Market"}},{"node":{"title":"China Expats Market (By Expat Type- Students, Individual Workers, Corporate Transferees, Retired Persons and Others) – Industry Analysis, Size, Share, Growth, Trends and Forecast, 2017 – 2025","slug":"China-Expats-Market"}},{"node":{"title":"Global Jojoba Extracts Market (By Grade- Bleached Jojoba and Winterised Jojoba. By Distribution Channel- As Hypermarkets/ Supermarkets, Convenience Store, Online Store and Other. By Application- Cosmetic & Personal Care Products, Pharmaceuticals, Industrial and Others) – Global Industry Analysis, Size, Share, Growth, Trends and Forecast, 2017 – 2025","slug":"Global-Jojoba-Extracts-Market"}},{"node":{"title":"Global Hypertension Drug Market (By Type- Beta Blockers, Diuretics, Renin Inhibitors, Alpha-Beta Blockers, Alpha Blockers, Vasodilators, Calcium Channel Blockers and Others) – Global Industry Analysis, Size, Share, Growth, Trends and Forecast, 2017 – 2025","slug":"Global-Hypertension-Drug-Market"}},{"node":{"title":"Global General Surgery Equipment Market (By Product- Open Surgery Equipments, Handheld Surgical Devices, Surgical Sutures & Staplers, Minimally Invasive Surgery Instruments, Energy Based & Powered Instruments, Computer Assisted Surgical Devices & Medical Robotics and Disposable Surgery Supplies. By Application- Cardiology, Orthopedic Surgery, Wound Care, Minimal Invasive Surgery, Neurosurgery, Plastic Surgery and Others) – Global Industry Analysis, Size, Share, Growth, Trends and Forecast, 2017 – 2025","slug":"Global-General-Surgery-Equipment-Market"}},{"node":{"title":"Global Artificial Organ Technology Market (By Product- Artificial Liver, Artificial Pancreas, Artificial Heart, Artificial Kidney, Bionic Limbs and Others. By Technology- Mechanical Bionics and Electronic Bionics) – Global Industry Analysis, Size, Share, Growth, Trends and Forecast, 2017 – 2025","slug":"Global-Artificial-Organ-Technology-Market"}},{"node":{"title":"Global Anemia Treatment Drug Market (By Type- Chronic Kidney Disease Related Anemia, Iron Deficiency Anemia, Aplastic Anemia and Sickle Cell Anemia) – Global Industry Analysis, Size, Share, Growth, Trends and Forecast, 2017 – 2025","slug":"Global-Anemia-Treatment-Drug-Market"}},{"node":{"title":"Global Dermatology Medications and Solutions Market (By Type of Diseases- Acne, Allergic Dermatology, Rashes, Dermatitis, Actinic Keratosis and Others. By Distribution Channel- Hypermarkets/ Supermarkets, Pharmaceutical Stores and Online Market. By Product Type- Ointments, Antihistamines, Antibiotics and Laser Therapy. By End-Use- Skincare Clinics, Dermatology Clinics and Hospitals) – Global Industry Analysis, Size, Share, Growth, Trends and Forecast, 2017 – 2025","slug":"Global-Dermatology-Medications-and-Solutions-Market"}},{"node":{"title":"Global Rigid Packaging Market (By Material- Bioplastic, Plastic, Paper & Paperboard, Metal and Glass. By Application- Electronic Industry, Pharmaceuticals, Food & Beverages, Personal Care Products and Others) – Global Industry Analysis, Size, Share, Growth, Trends and Forecast, 2017 – 2025","slug":"Global-Rigid-Packaging-Market"}},{"node":{"title":"Global Nephritis Treatment Medicines Market (By Type- Corticosteroids and Immunosuppressive Drugs) – Global Industry Analysis, Size, Share, Growth, Trends and Forecast, 2017 – 2025","slug":"Global-Nephritis-Treatment-Medicines-Market"}},{"node":{"title":"Global Medical Centers Safety Wearable Market (By Type- Smart Watch, Patch, Smart Contact Lenses, Wearable ECG Monitor and Others. By Application- Diagnostic and Therapeutic. By End-Use- Hospitals, Healthcare Clinics and Others) – Global Industry Analysis, Size, Share, Growth, Trends and Forecast, 2017 – 2025","slug":"Global-Medical-Centers-Safety-Wearable-Market"}},{"node":{"title":"Latin-America Shrimps Production Market (By Species- Penaeus Monodon, PenaeusVannamei, MacrobrachiumRosenbergii And Others. By Shrimp Size- Extra Small Size (Below 20), Small Size (20-40), Medium Size (40-60) and Large Size (60 and Above) – Industry Analysis, Size, Share, Growth, Trends and Forecast, 2017 – 2025","slug":"Latin-America-shrimps-Production-Market"}},{"node":{"title":"Latin-America Consumable Spirits Market (By Type- Gin, Vodka, Brandy, Whiskey, Rum, Tequila, Natural Spirits and Flavoured Spirits. By Distribution- Liquor Specialty Stores, Hypermarket or Supermarket, Duty Free, Online Retailing, and Others) – Industry Analysis, Size, Share, Growth, Trends and Forecast, 2017 – 2025","slug":"Latin-America-Consumable-Spirits-Market"}},{"node":{"title":"Circular Tumor Cell (CTC) Diagnostics Market (By Technology – CTC Enrichment, CTC Detection and CTC Diagnosis; By Application – Breast Cancer, Lung Cancer, ColoRectal Cancer, Prostrate Cancer and Others, By End-User– Biotechnological ResearchCenters, Hospitals& Clinics, Pharmaceuticals, Academic Research Institutions) – Global Industry Analysis, Size, Share, Growth, Trends and Forecast, 2017 – 2025","slug":"Circular-Tumor-Cell-CTC-Diagnostics-Market"}},{"node":{"title":"Circular Tumor Cell (CTC) Diagnostics Market (By Technology – CTC Enrichment, CTC Detection and CTC Diagnosis; By Application – Breast Cancer, Lung Cancer, ColoRectal Cancer, Prostrate Cancer and Others, By End-User– Biotechnological ResearchCenters, Hospitals& Clinics, Pharmaceuticals, Academic Research Institutions) – Global Industry Analysis, Size, Share, Growth, Trends and Forecast, 2017 – 2025","slug":"global-circulating-tumor-cell-ctc-diagnostics-market"}},{"node":{"title":"Global Circulating Tumor Cell (CTC) Diagnostics Market– Global Industry Analysis, Size, Share, Growth, Trends and Forecast, 2017 – 2025","slug":"Global-Circulating-Tumor-Cell-CTC-Diagnostics-Market"}},{"node":{"title":"Global Circulating Tumor Cell (CTC) Diagnostics Market– Global Industry Analysis, Size, Share, Growth, Trends and Forecast, 2017 – 2025","slug":"Global-Circulating-Tumor-Cell-CTC-Diagnostics-Market"}},{"node":{"title":"Global Circulating Tumor Cell (CTC) Diagnostics Market– Global Industry Analysis, Size, Share, Growth, Trends and Forecast, 2017 – 2025","slug":"Global-circulating-Tumor-Cell-CTC-Diagnostics-Market"}},{"node":{"title":"Global Circulating Tumor Cell (CTC) Diagnostics Market– Global Industry Analysis, Size, Share, Growth, Trends and Forecast, 2017 – 2025","slug":"Global-Circulating-Tumor-Cell-CTC-Diagnostics-Market"}},{"node":{"title":"Global Circulating Tumor Cell (CTC) Diagnostics Market– Global Industry Analysis, Size, Share, Growth, Trends and Forecast, 2017 – 2025","slug":"Global-Circulating-Tumor-Cell-CTC-Diagnostics-Market"}},{"node":{"title":"Global Circulating Tumor Cell (CTC) Diagnostics Market– Global Industry Analysis, Size, Share, Growth, Trends and Forecast, 2017 – 2025","slug":"Global-Circulating-Tumor-Cell-CTC-Diagnostics-Market"}},{"node":{"title":"Global Circulating Tumor Cell (CTC) Diagnostics Market– Global Industry Analysis, Size, Share, Growth, Trends and Forecast, 2017 – 2025","slug":"Global-Circulating-Tumor-Cell-CTC-Diagnostics-Market"}},{"node":{"title":"Orthopedic Plates & Screws Market (By Product Type – Upper Extremity and Lower Extremity; By End-User – Hospitals and ASCs (Ambulatory Surgery Centers), By Anatomical position – Knee, Hip, Shoulder, spinal, Others (CranioMaxillio, Foot& Ankle)); – Global Industry Analysis, Size, Share, Growth, Trends and Forecast, 2017 – 2025","slug":"Orthopedic-Plates-and-Screws-Market"}},{"node":{"title":"Dental Consumables Market (By Product- Dental Burs, Whitening Materials, Dental Biomaterials, Crowns & Bridges, Dental Anesthetics, Dental Syringes, Gingival Retraction Material, Disposable Air/Water Syringe Taps, Endodontic Supplies/ Retail dental care essentials, Dental Implants, Orthodontics & Periodontics); – Global Industry Analysis, Size, Share, Growth, Trends and Forecast, 2017 – 2025","slug":"Dental-Consumables-Market"}},{"node":{"title":"Global Circulating Tumor Cell (CTC) Diagnostics Market– Global Industry Analysis, Size, Share, Growth, Trends and Forecast, 2017 – 2025","slug":"Global-Circulating-Tumor-Cell-CTC-Diagnostics-Market"}},{"node":{"title":"Biotechnology Reagents Market– Global Industry Analysis, Size, Share, Growth, Trends and Forecast, 2017 – 2025","slug":"Biotechnology-Reagents-Market"}},{"node":{"title":"Biotechnology Reagents Market– Global Industry Analysis, Size, Share, Growth, Trends and Forecast, 2017 – 2025","slug":"Biotechnology-Reagents-Market"}},{"node":{"title":"Global Blockchain Technology Market–Global Industry Analysis, Size, Share, Growth, Trends and Forecast, 2016 – 2024","slug":"Global-Blockchain-Technology-Market–Global-Industry-Analysis"}},{"node":{"title":"Global Genomics Market– Global Industry Analysis, Size, Share, Growth, Trends and Forecast, 2017 – 2025","slug":"Global-Genomics-Market"}},{"node":{"title":"Global Circulating Tumor Cell (CTC) Diagnostics Market– Global Industry Analysis, Size, Share, Growth, Trends and Forecast, 2017 – 2025","slug":"global-circulating-tumor-cell-diagnostics-market"}},{"node":{"title":"Biotechnology Reagents Market– Global Industry Analysis, Size, Share, Growth, Trends and Forecast, 2017 – 2025","slug":"Biotechnology-Reagents-Market"}},{"node":{"title":"Global Mosquito Repellent Market (By Product- Creams & Oil, Spray, Vaporizer, Coil, Mat and Others. By Distribution Channel- Small Retail Stores, Large Retail Stores, Online Market, And Specialty Stores) – Global Industry Analysis, Size, Share, Growth, Trends and Forecast, 2017 – 2025","slug":"Global-Mosquito-Repellent-Market"}},{"node":{"title":"Vascular Imaging Market (By Product- X-ray, Nuclear Imaging, Ultrasound, CT, MRI; By End-User– Diagnostic Centers, Hospitals, Research Centers, Ambulatory Surgery Centers) – Global Industry Analysis, Size, Share, Growth, Trends and Forecast, 2016 – 2025","slug":"Vascular-Imaging-Market"}},{"node":{"title":"Neuroprosthetics Market (By Type- Motor Prosthetics, Auditory Prosthetics, Cognitive Prosthetics and Visual Prosthetics; By Application– Motor Neuron Disorders, Physiological Disorders and Cognitive Disorders) – Global Industry Analysis, Size, Share, Growth, Trends and Forecast, 2016 – 2025","slug":"Neuroprosthetics-Market"}},{"node":{"title":"Holter Monitors Market (By Product- Holter Monitoring Devices, Event Monitoring Devices and Holter Monitoring Software; By End User– Hospitals, Physicians’ Clinic and Ambulatory Surgery Centers) – Global Industry Analysis, Size, Share, Growth, Trends and Forecast, 2016 – 2025","slug":"Holter-Monitors-Market"}},{"node":{"title":"Latin America Natural Syrups and Beverages Market (By Type- Raw honey, Real fruit jam, Brown rice syrup, Stevia, Banana Puree, Maple syrup and Others. By Distribution Channel- Supermarkets or hypermarkets, Discount store, Online sales, and Others) – Global Industry Analysis, Size, Share, Growth, Trends and Forecast, 2017 – 2025","slug":"Latin-America-Natural-Syrups-And-Beverages-Market"}},{"node":{"title":"Global Virtual Assistant Market (By Service- Market assistant and customer service. By Technology- Voice recognition, text-to-speech, and speech recognition. By End-Use - SMBs, large enterprises and speech recognition. By Application- Retail, Automotive, education, BFSI, IT & Telecom, and Healthcare) – Global Industry Analysis, Size, Share, Growth, Trends and Forecast, 2017 – 2025","slug":"Global-Virtual-Assistant-Market"}},{"node":{"title":"Global IT Robotic Automation Market (By Operation- Rule-based, and knowledge based. By Tool - Model-based application, process-based application. By Services- Training and professional services) – Global Industry Analysis, Size, Share, Growth, Trends and Forecast, 2017 – 2025","slug":"Global-IT-Robotic-Automation-Market"}},{"node":{"title":"Waterproof Tapes Market (By End-Use – Construction, Medical, Packaging & Transportation, Electrical insulation, Automotive, Aircraft/ Aerospace, and Others. By Type – Single sided tapes and Double-sided tapes.) – Global Industry Analysis, Size, Share, Growth, Trends and Forecast, 2017 – 2025","slug":"Waterproof-Tapes-Market"}},{"node":{"title":"Global TIC Market (By Type- In-house, Outsourcing. By End-Users- Textile, Oil & Gas, Automotive, Aerospace, Food and Beverages and Petroleum) – Global Industry Analysis, Size, Share, Growth, Trends and Forecast, 2017 – 2025","slug":"Global-TIC-Market"}},{"node":{"title":"Global Narrowband IoT Chipset Market (By Type- Guard band, standalone and in-band. By Devices- Trackers, wearable devices, alarms and detectors, smart appliances, smart metering and others. By End-Use- Automotive & transportation, healthcare, agriculture, infrastructure, retail, safety & security and others) – Global Industry Analysis, Size, Share, Growth, Trends and Forecast, 2016 – 2025","slug":"Global-Narrow-band-IoT-Chipset-Market"}},{"node":{"title":"Low Voltage Motor Control Centers Market (By Type- Intelligent low voltage motor control center and Conventional low voltage motor control center. By Application- Oil & Gas, Petrochemicals, Paper & Pulp, Food & Beverages, Water treatment & Wastewater and Others.)– Global Industry Analysis, Size, Share, Growth, Trends and Forecast, 2017 – 2025","slug":"Low-Voltage-Motor-Control-Centers-Market"}},{"node":{"title":"Global Industrial Control and Factory Automation Market (By Technology- SCADA, DCS, PAC & RTU, PLM, MES & MOM, Electric drives and sensors. By Components- Cables, industrial robots, control valves, enclosures, machine vision. By End-User- Discrete industries and process industries) – Global Industry Analysis, Size, Share, Growth, Trends and Forecast, 2016 – 2025","slug":"Global-Industrial-Control-and-Factory-Automation-Market"}},{"node":{"title":"Global Diet Supplements Market (By Ingredients- Vitamins, enzymes, amino acids and minerals. By Distribution Channel- Hypermarkets/ supermarkets, health and beauty stores, direct selling and internet. By End-Use- Men, women, senior citizen and others. By Application- Sports nutrition, general wellbeing, bone and joint, heart health, immune and digestive health, and other requirements) – Global Industry Analysis, Size, Share, Growth, Trends and Forecast, 2017 – 2025","slug":"Global-Diet-Supplements-Market"}},{"node":{"title":"Asia-Pacific Natural Syrups and Beverages Market (By Type- Raw honey, Real fruit jam, Brown rice syrup, Stevia, Banana Puree, Maple syrup and Others. By Distribution Channel- Supermarkets or hypermarkets, Discount store, Online sales, Farmer market and others) – Global Industry Analysis, Size, Share, Growth, Trends and Forecast, 2017 – 2025","slug":"Asia-Pacific-Natural-Syrups-and-Beverages-Market"}},{"node":{"title":"Global Harmonic Oscillator Market (By Product Type- Monostable harmonic oscillator and Multistable harmonic oscillator. By Application- Medical, colleges and universities, petroleum chemical industry, health and epidemic prevention) – Global Industry Analysis, Size, Share, Growth, Trends and Forecast, 2017 – 2025","slug":"Global-Harmonic-Oscillator-Market"}},{"node":{"title":"Global Chip-On-Flex (COF) Market (By Type- Single sided COF and others. By Application- Static and dynamic. By End-Use- Aerospace, military, defense, and medical) – Global Industry Analysis, Size, Share, Growth, Trends and Forecast, 2016 – 2025","slug":"Global-Chip-On-Flex-COF-Market"}},{"node":{"title":"Global Dialysis Equipment Market (By Product- Blood monitoring equipment, peritoneal dialysis equipment, continuous renal replacement therapy system, hemodialysis equipment, dialysis solution supply equipment and dialysis accessories. By End-Use- Dialysis centers, home care settings, research laboratories and hospitals) – Global Industry Analysis, Size, Share, Growth, Trends and Forecast, 2017 – 2025","slug":"Global-Dialysis-Equipment-Market"}},{"node":{"title":"Non-GMO foods Market (By Distribution Channel –hypermarkets and supermarkets, food specialist retailers, convenience stores, online. By Product –cereals and grains, liquor, meat and poultry, edible oil, and bakery) – Global Industry Analysis, Size, Share, Growth, Trends and Forecast, 2017 – 2025","slug":"Non-GMO-foods-Market"}},{"node":{"title":"Roofing Market –(By Product Type- Tile roofing, metal roofing, bituminuous roofing, and others. By Application- Residential, commercial and others)- Global Industry Analysis, Size, Share, Growth, Trends and Forecast, 2017 – 2025","slug":"Roofing-Market"}},{"node":{"title":"Flooring Market (By Material Type- Carpets and rugs, resilant, tiles, wood and others. By Application- residential, commercial, and others)– Global Industry Analysis, Size, Share, Growth, Trends and Forecast, 2017 – 2025","slug":"Flooring-Market"}},{"node":{"title":"Global Medical Polymers Market (By End-Use– Implants, Diagnostic system, Hospital accessories and others. By Product Type – Fibers & resins, Medical elastomer, Biodegradable medical polymer) – Global Industry Analysis, Size, Share, Growth, Trends and Forecast, 2016 – 2025","slug":"Global-Medical-Polymers-Market"}},{"node":{"title":"Polyethylene Market (By Product Type- Low Density Polyethylene, Medium Density Polyethylene, and High Density Polyethylene, By Packaging, Automotive, Construction, Electrical & Electronic, Household Applications, and Others) – Global Industry Analysis, Size, Share, Growth, Trends and Forecast, 2017 – 2025","slug":"Polyethylene-Market"}},{"node":{"title":"Polypthalamides Market (By End-Use – electrical and electronics, electrical and electronics, personal care products and automotive industries and others. By Type – carbon fiber filled PPA, glass fiber filled PPA, mineral filled PPA, unfilled PPA and others)","slug":"Polyphthalamides-Market"}},{"node":{"title":"Polypropylene Market (By Application- Automobiles, Packaging, Consumer products, Electrical & Electronics, Construction, and Others)- Global Industry Analysis, Size, Share, Growth, Trends and Forecast, 2016 – 2025","slug":"Polypropylene-Market"}},{"node":{"title":"Polyolefins Market (By Application – Film & sheet, injection & molding, automotive and others. By Type – polyethylene, Polypropylene, Functional polyolefin) – Global Industry Analysis, Size, Share, Growth, Trends and Forecast, 2016 – 2025","slug":"Polyolefins-Market"}},{"node":{"title":"Global Cosmeceuticals Market (By Product Type – Haircare, Oralcare, Skincare, Make-up and Others. By Retail format – Specialty Stores, Hypermarkets, Supermarkets, and Convenience Stores, Drugstores and Others) – Global Industry Analysis, Size, Share, Growth, Trends and Forecast, 2016 – 2025","slug":"Global-Cosmeceuticals-Market"}},{"node":{"title":"Biopolymers Market (By Application – Food Packaging & service, Agriculture & Horticulture, Automotive, Consumer goods and others. By Type – PLA, Biodegradable starch blends, Biodegradable polyesters, PHA, Bio-PET and others) – Global Industry Analysis, Size, Share, Growth, Trends and Forecast, 2016 – 2025","slug":"Biopolymers-Market"}},{"node":{"title":"Aluminum Pigments Market (By End User– Paints & Coating, Plastics, Personal care, Printing Inks and others.) – Global Industry Analysis, Size, Share, Growth, Trends and Forecast, 2016 – 2025","slug":"Aluminum-Pigments-Market"}},{"node":{"title":"Smart Homes Market by Application (Security and Access control, Lighting control, Entertainment control, HVAC control, Home Health control, Others) – Global Market Research Analysis, Insights and Forecast, 2017 – 2025","slug":"Smart-Homes-Market-by-Application"}},{"node":{"title":"Industrial Turbocharger Market by End-User segments (Marine, Agricultural Equipment, Power, Oil & Gas, Construction and Mining) – Global Market Research Analysis, Insights and Forecast, 2017 – 2025","slug":"Industrial-Turbocharger-Market"}},{"node":{"title":"Machine to Machine Connections Market (By Technology –Wired, Wireless. By Industry- Healthcare, Consumer Electronics, Utilities, Automotive & Transport. By Product Type- Smart Parking Meters, ATMs, POS Terminal, Fare Ticketing Devices) – Global Industry Analysis, Size, Share, Growth, Trends and Forecast, 2016 – 2025","slug":"Machine-to-Machine-Connections-Market"}},{"node":{"title":"X-Ray Inspection System Market (By Type- Flat Panel Detector (FPD) Integrated System, Digital Radiography (DR) Machines, Computed Tomography. By Application- Airports, State Borders, Seaports, Food Industry, Others. By End-User- Industrial/Scientific, Automotive, Electronics, Aerospace, and Others) – Global Industry Analysis, Size, Share, Growth, Trends and Forecast, 2016 – 2025","slug":"X-Ray-Inspection-System-Market"}},{"node":{"title":"Photoresist Market (By Product- G-Line, I-Line, ArF Dry, KrF, ArF Immersion. By Photoresist Ancillaries Type- Photoresist developers, Anti-reflective Coatings, Edge-Bead Remover. By Application- LCDs, Semiconductors & Integrated Circuits, Printed Circuit Boards and Others.) – Global Industry Analysis, Size, Share, Growth, Trends and Forecast, 2016 – 2025","slug":"Photoresist-Market"}},{"node":{"title":"Healthcare Quality Management Market (By Type- Business Intellegence & Analytics Solutions and Physician Quality Reporting Solutions. By Application– Data Management and Risk Management. By End-User- Hospitals, Payers, Ambulatory Care Centers and Others. By Delivery Mode- On-Premise Solutions and Web & Cloud Based) – Global Industry Analysis, Size, Share, Growth, Trends and Forecast, 2016 – 2025","slug":"Healthcare-Quality-Management-Market"}},{"node":{"title":"Rangefinder Market (By Application- Golf, Forestry, Ballistics, Virtual reality. By Type – Ultrasonic, and Laser. By End-Use- Defense, Commercial and Sports. By Range – Very low (<50m), Low ( 50m to 500m), Medium (500m to 2.5km) and High (>2.5km)) – Global Industry Analysis, Size, Share, Growth, Trends and Forecast, 2016 – 2025","slug":"Rangefinder-Market"}},{"node":{"title":"Autonomous Trains Market (By Automation Type – GoA 1, GoA 2, GoA 3, GoA 4. By Application – Passenger Trains, Freight, Mining. By Components – Radar, Odometer, Antenna, Sensors and Others) – Global Industry Analysis, Size, Share, Growth, Trends and Forecast, 2016 – 2025","slug":"Autonomous-Trains-Market"}},{"node":{"title":"Global Medical Disposable Gloves Market (By Type- Disposable Surgical Gloves and Disposable Examination Gloves. By Material– Natural rubber, Vinyle, Nitrile, Polyethylene, Neoprene. By Application- Hospitals, Clinical Laboratories, Retail Channels and Others) – Global Industry Analysis, Size, Share, Growth, Trends and Forecast, 2016 – 2025","slug":"Global-Medical-Disposable-Gloves-Market"}},{"node":{"title":"Global MEMS Accelerometer and Gyroscope Market (By Dimension- 1-Axis, 2-Axis, 3-Axis. By MEMS Accelerometer End Users- Consumer electronics, Industrial, Automotive, Building and Structural Monitoring, Volcanology, Medical, Telecommunication and Others. By MEMS Gyroscope End-Users:- Consumer Electronics, Industrial, Automotive, Military & Defense, Gyroscope based sensor embedded in shoe insole, Others) – Global Industry Analysis, Size, Share, Growth, Trends and Forecast, 2016 – 2025","slug":"Global-MEMS-Accelerometer-and-Gyroscope-Market"}},{"node":{"title":"Healthcare EDI Market (By Component-Hardware, Software and Services. By Transaction Type- Healthcare Supply Chain, Claims Management. By Services- Providers, In-House. By End User- Government, Healthcare Institutions, and Private) – Global Industry Analysis, Size, Share, Growth, Trends and Forecast, 2016 – 2025","slug":"Healthcare-EDI-Market"}},{"node":{"title":"FTTx Market (By Architecture – Fiber to the Home (FTTH), Fiber to the Premise (FTTP), Fiber to the Node (FTTN), Fiber to the Curb or Cabinet (FTTC). By Optical Fibre – Passive Optical Network, Active Optical Network) – Global Industry Analysis, Size, Share, Growth, Trends and Forecast, 2016 – 2025","slug":"FTTx-Market"}},{"node":{"title":"Food Automation Market (By Function – Palletizing, Processing, Sorting & Grading, Packaging & Repackaging, Picking & Placing, Others. By Application - Bakery, Fruit & Vegetable, Dairy, Meat, Poultry & seafood, Confectionery, and Beverages. By Type- Motor controls, Rotary products, Motors & Generators, Linear products, Discrete controllers & visualization, and Others) – Global Industry Analysis, Size, Share, Growth, Trends and Forecast, 2016 – 2025","slug":"Food-Automation-Market"}},{"node":{"title":"Cloud Radio Access Network (C-RAN) Market (By Component- Remote radio system, Test & measurement equipment, Baseband unit, Server, Processor, Optical Transport Unit. By End User- Defense & Military, Retail, Healthcare, Government, BFSI, Manufacturing, Media & Entertainment, Transportation & Logistics. By Service-Network service, Custom, System integration) – Global Industry Analysis, Size, Share, Growth, Trends and Forecast, 2016 – 2025","slug":"Cloud-Radio-Access-Network"}},{"node":{"title":"Automotive End-Point Authentication Market (By Authentication Type- Biometric Vehicle Access, Smart Phone Application, Wearables. By Connectivity Type – Cellular Network, WiFi and Bluetooth. By Vehicle- Electric and Hybrid Vehicle and Conventional Vehicle) – Global Industry Analysis, Size, Share, Growth, Trends and Forecast, 2016 – 2025","slug":"Automotive-End-Point-Authentication-Market"}},{"node":{"title":"Active Protection System Market (By Platform- Land-Based, Airborne, Naval. By End User- Defense, Homeland Security. By System Type- Electro-optics Jammers, Radar decoy, Directed energy, Infrared Decoy, Missile/Rocket Based, Light Weapon Defense) – Global Industry Analysis, Size, Share, Growth, Trends and Forecast, 2016 – 2025","slug":"Active-Protection-System-Market"}},{"node":{"title":"3D Scanner Market (By Type- Short Range 3D Scanner, Laser Based 3D Scanner, Projected or Structured Light 3D Scanner, Medium and Long Range 3D Scanner. By Application- Virtual Simulation, Reverse Engineering, Quality Control and Inspection, and others. By Product – Portable CMM Based, Desktop, Tripod Mounted, Fixed CMM Based. By End User – Aerospace & Defense, Automotive, Tunnel & mining, Healthcare, Architecture & Construction, and Energy & Power.) – Global Industry Analysis, Size, Share, Growth, Trends and Forecast, 2016 – 2025","slug":"3D-Scanner-Market"}},{"node":{"title":"Industrial Protective Footwear Market by Material (Leather, Rubber, Plastic, Polyurethane, Waterproof), by Application (Manufacturing, Construction, Transport, Chemicals, Pharmaceuticals, Mining, Food, Oil and Gas), by Product (Safety shoes and Safety boots)– Global Market Research Analysis, Insights and Forecast, 2016 – 2025","slug":"Industrial-Protective-Footwear-Market-by-Material"}},{"node":{"title":"Connected Vehicles Market by Application (Telematics and Infotainment), by Hardware (Semiconductor Components, Connectivity ICSs)– Global Market Research Analysis, Insights and Forecast, 2016 – 2025","slug":"Connected-Vehicles-Market-by-Application"}},{"node":{"title":"Motorcycle Connected Helmet Market (By Component Type – HUD, LED, Battery, Sensors, and Others. By Material – Kevlar, Carbon Fiber, Fiber Glass, Plastics and Others) – Global Industry Analysis, Size, Share, Growth, Trends and Forecast, 2016 – 2025","slug":"Motorcycle-Connected-Helmet-Market"}},{"node":{"title":"Global Optical Position Sensors in Semiconductor Modules and Chips Market (By Types - One Dimensional, Two Dimensional and Multi-axial. By Application - Aerospace & Defense, Automotive, Consumer Electronics, Healthcare, Others) – Global Industry Analysis, Size, Share, Growth, Trends and Forecast, 2016 – 2025","slug":"Global-Optical-Position-Sensors-in-Semiconductor-Modules"}},{"node":{"title":"Industrial Agitator Market (By Type- Top Entry, Bottom Entry, Side Entry, Portable, Static. By Component – Impellers, Mechanical Seals, Supply System and others. By Application- Oil, Gas and Petrochemical, Chemical, Pharmaceutical, Water and Wastewater Treatment, Food and Beverages and others) – Global Industry Analysis, Size, Share, Growth, Trends and Forecast, 2016 – 2025","slug":"Industrial-Agitator-Market"}},{"node":{"title":"Free Space Optics Market (By Components – Receivers, Modulators, Transmitters, Demodulators, Encoders & Decoders and Others, By Application – Storage Area Network, Defense, Security, Airborne Applications, Data Transmission Healthcare, Disaster Recover, Last Mile Access and Others) – Global Industry Analysis, Size, Share, Growth, Trends and Forecast, 2016 – 2025","slug":"Free-Space-Optics-Market"}},{"node":{"title":"Digital Signage Market (By Display- LCD, LED, OLED and QLED; By Application- Education, Healthcare, Commercial, Restaurants, and Others. By Revenue Source- Equipment, Software, Services) – Global Industry Analysis, Size, Share, Growth, Trends and Forecast, 2016 – 2025","slug":"Digital-Signage-Market"}},{"node":{"title":"Biometric Sensors Market (By Type Capacitive sensors, Optical sensors, Thermal sensors, Ultrasound sensors, Electric field Sensors. By Application - Voice Scan, Finger Scan, Hand Scan, Facial Scan, Iris Scanand Vein Scan. By End use - Consumer electronics, Commercial centers and buildings, Medical and research labs, Banking, Financial services sector, Defense and security) – Global Industry Analysis, Size, Share, Growth, Trends and Forecast, 2016 – 2025","slug":"Biometric-Sensors-Market"}},{"node":{"title":"Hyperloop Transportation System Market (By Component Type – Steel, Aluminium, Solar Array, Rotor, Stator, Compressor, Batteries, Others. By Vehicle Capsule – Capsule Doors, Interior and Seats, Propulsion Systems, Suspension and Air Bearings, Braking System and Others) – Global Industry Analysis, Size, Share, Growth, Trends and Forecast, 2021 – 2030","slug":"Hyperloop-Transportation-System-Market"}},{"node":{"title":"Automotive Stamped Components (Body-in white) Market (By Material Type – Traditional Steel, Hot-Formed Steel, Aluminium, Magnesium, Composite Materials. By Vehicle – Passenger Cars, Commercial Vehicles. By Type – Body In White (BIW), Chassis) – Global Industry Analysis, Size, Share, Growth, Trends and Forecast, 2016 – 2025","slug":"Automotive-Stamped-Components-Market"}},{"node":{"title":"Airport Ground Support Vehicles Market (By Ground Support Equipment Vehicle – Non-Powered, Powered. By Application – Passenger, Freight) – Global Industry Analysis, Size, Share, Growth, Trends and Forecast, 2016 – 2025","slug":"Airport-Ground-Support-Vehicles-Market"}},{"node":{"title":"Global Industrial Protective Footwear Market–Global Industry Analysis, Size, Share, Growth, Trends and Forecast, 2016 – 2025","slug":"Global-Industrial-Protective-Footwear-Market"}},{"node":{"title":"Automotive Polycarbonate Glazing Market (By Vehicle Type – Passenger Cars, Light Commercial Vehicles. By Application – Panaromic Roof, Rear Windows, Front Windsheild, Side Windows. By Plastic Compound – Polycarbonates (PC), Polyvinyl Butyral (PVB) – Global Industry Analysis, Size, Share, Growth, Trends and Forecast, 2016 – 2025","slug":"Automotive-Polycarbonate-Glazing-Market"}},{"node":{"title":"Advanced Telematics in Trucks Market (By Truck Type – Light Trucks, Medium Trucks, Heavy Trucks, Off-Road Trucks. By Application – Trailer Tracking, Vehicle Tracking, Container Tracking, Cold Store, Satellite Navigation, Wireless Vehicle Safety Communications, Vehicle Mileage Capture. By Components – Fleet Management, In Vehicle Emergency Call System, In Vehicle Entertainment and Internet Access, In Vehicle Voice, Lease, Rental, HP, and Share Car Management, Road Side Assistance, Stolen Vehicle Recovery, Usage Based Insurance, Vehicle Diagnostics) – Global Industry Analysis, Size, Share, Growth, Trends and Forecast, 2016 – 2025","slug":"Advanced-Telematics-in-Trucks"}},{"node":{"title":"REYRDGF","slug":"EYERGBFFG"}},{"node":{"title":"Global Blockchain Technology Market–Global Industry Analysis, Size, Share, Growth, Trends and Forecast, 2016 – 2024","slug":"Global-Blockchain-Technology-Market-Global-Industry-Analysis"}},{"node":{"title":"Global Blockchain Technology Market–Global Industry Analysis, Size, Share, Growth, Trends and Forecast, 2016 – 2024","slug":"Global-Blockchain-Technology-Market–Global-Industry-Analysis"}},{"node":{"title":"Direct Chocolate Consumables Market, 2014 to 2021","slug":"Direct-Chocolate-Consumables-Market"}}]}}}