{"data":{"allMysqlPresses":{"edges":[{"node":{"link":"https://www.sheeranalyticsandinsights.com/market-report-research/global-bronchial-thermoplasty-market-21","slug":"bronchial-thermoplasty-market"}},{"node":{"link":"https://www.sheeranalyticsandinsights.com/market-report-research/global-automated-3d-printing-market-21","slug":"global-3d-printing-market"}},{"node":{"link":"https://www.sheeranalyticsandinsights.com/market-report-research/global-infusion-pump-market-21","slug":"infusion-pumps-market"}},{"node":{"link":"https://www.sheeranalyticsandinsights.com/market-report-research/global-aircraft-exhaust-system-market-21","slug":"aircraft-exhaust-system-market"}},{"node":{"link":"https://www.sheeranalyticsandinsights.com/market-report-research/aircraft-engine-outsourcing-market-21","slug":"aircraft-engine-outsource-market"}},{"node":{"link":"https://www.sheeranalyticsandinsights.com/market-report-research/global-collision-avoidance-system-technology-market-21","slug":"global-train-collision-avoidance-system-technology-market"}},{"node":{"link":"https://www.sheeranalyticsandinsights.com/market-report-research/global-artificial-organ-technology-market-21","slug":"global-artificial-organ-technology-market"}},{"node":{"link":"https://www.sheeranalyticsandinsights.com/market-report-research/global-electrical-submersible-pumps-esp-market-21","slug":"global-electrical-submersible-pumps-esp-market"}},{"node":{"link":"https://www.sheeranalyticsandinsights.com/market-report-research/global-electrical-galvanized-steel-market-21","slug":"global-electrical-galvanized-steel-market"}},{"node":{"link":"https://www.sheeranalyticsandinsights.com/market-report-research/global-electrical-insulating-varnish-market-21","slug":"global-electrical-insulating-varnish-market"}},{"node":{"link":"https://www.sheeranalyticsandinsights.com/market-report-research/global-electrical-insulating-varnish-market-21","slug":"global-electrical-insulatiwqwng-varnish-market"}},{"node":{"link":"https://www.sheeranalyticsandinsights.com/market-report-research/global-artificial-synthetic-graphite-market-21","slug":"global-artificial-synthetic-graphite-market"}},{"node":{"link":"https://www.sheeranalyticsandinsights.com/market-report-research/global-humanized-mouse-and-rat-model-market-21","slug":"global-humanized-mouse-and-rat-model-market"}},{"node":{"link":"https://www.sheeranalyticsandinsights.com/market-report-research/CAR-T-Cell-Therapy-Market-21","slug":"Global-CAR-T-Cell-Therapy-Market"}},{"node":{"link":"https://www.sheeranalyticsandinsights.com/market-report-research/global-user-activity-monitoring-market-21","slug":"global-user-activity-monitoring-market"}},{"node":{"link":"https://www.sheeranalyticsandinsights.com/market-report-research/global-stem-cell-manufacturing-market-21","slug":"global-stem-cell-manufacturing-market"}},{"node":{"link":"https://www.sheeranalyticsandinsights.com/market-report-research/global-blue-biotechnology-market-21","slug":"global-blue-biotechnology-market"}},{"node":{"link":"https://www.sheeranalyticsandinsights.com/market-report-research/global-chatbot-market-21","slug":"global-chatbot-market"}},{"node":{"link":"https://www.sheeranalyticsandinsights.com/market-report-research/global-artificial-intelligence-sensors-market-21","slug":"global-artificial-intelligence-AI-sensors-market"}},{"node":{"link":"https://www.sheeranalyticsandinsights.com/market-report-research/global-creatinine-assay-kits-market-21","slug":"global-creatinine-assay-kits-market"}},{"node":{"link":"https://www.sheeranalyticsandinsights.com/market-report-research/global-augmented-reality-mobile-application-market-21","slug":"global-augmented-reality-mobile-application-market"}},{"node":{"link":"https://www.sheeranalyticsandinsights.com/market-report-research/global-bio-polymers-market-21","slug":"global-biopolymers-market"}},{"node":{"link":"https://www.sheeranalyticsandinsights.com/market-report-research/global-hosted-pbx-market-21","slug":"global-hosted-pbx-market"}},{"node":{"link":"https://www.sheeranalyticsandinsights.com/market-report-research/Global-Industrial-Control-and-Factory-Automation-Market-21","slug":"global-industrial-control-and-factory-automation-market"}},{"node":{"link":"https://www.sheeranalyticsandinsights.com/market-report-research/global-artificial-intelligence-chipsets-market-21","slug":"global-artificial-intelligence-chipsets-market"}},{"node":{"link":"https://www.sheeranalyticsandinsights.com/market-report-research/global-enterprise-software-market-21","slug":"Global-Enterprise-Software-Market"}}]}}}