{"data":{"allMysqlPresses":{"edges":[{"node":{"title":"Global Bronchial Thermoplasty Market expected to reach US$ 99.68 Bn by 2026: Market insights, analysis, trends and forecast | Sheer Analytics and Insights","slug":"bronchial-thermoplasty-market"}},{"node":{"title":"Global automated 3D printing market expected to become USD 5083.8 Mn in total market revenue (TMR) by 2025: Market insights, analysis, trends, forecast | Sheer Analytics and Insights","slug":"global-3d-printing-market"}},{"node":{"title":"Globally infusion pump market total market revenue (TMR) will become US$17.1 Bn by 2025: market insights, industry, analysis, trends and forecast | Sheer Analytics and Insights","slug":"infusion-pumps-market"}},{"node":{"title":"Global aircraft exhaust system market to grow at 7.5% CAGR (2018 – 2025) – market insights, analysis, trends, forecast | Sheer Analytics and Insights","slug":"aircraft-exhaust-system-market"}},{"node":{"title":"Aircraft Engine Outsource Market (Service provider end) – An Exclusive Report | Sheer Analytics and Insights","slug":"aircraft-engine-outsource-market"}},{"node":{"title":"Global train collision avoidance system market to witness 6.5% CAGR between 2018 and 2025 – Market insights, analysis, trends and forecast | Sheer Analytics and Insights","slug":"global-train-collision-avoidance-system-technology-market"}},{"node":{"title":"Global Artificial Organ Technology Market is expected to grow at 10.1% by 2025 | Sheer Analytics and Insights","slug":"global-artificial-organ-technology-market"}},{"node":{"title":"Global Electrical Submersible Pumps Market is expected to reach US$ 20.02 Billion by 2025 | Sheer Analytics and Insights","slug":"global-electrical-submersible-pumps-esp-market"}},{"node":{"title":"Global Electrical Galvanized Steel Market is expected to grow at CAGR 6.2% till 2025 | Sheer Analytics and Insights","slug":"global-electrical-galvanized-steel-market"}},{"node":{"title":"Global Electrical Insulating Varnish Market is expected to grow at 5.3% CAGRtill 2025 | Sheer Analytics and Insights","slug":"global-electrical-insulating-varnish-market"}},{"node":{"title":"Global Electrical Insulating Varnish Market is expected to grow at 5.3% CAGRtill 2025 | Sheer Analytics and Insights","slug":"global-electrical-insulatiwqwng-varnish-market"}},{"node":{"title":"Global Artificial (Synthetic) Graphite Market is expected to reach US$ 16.61 Billion by 2025 |Market insights, analysis, trends and forecast","slug":"global-artificial-synthetic-graphite-market"}},{"node":{"title":"Global Humanized Mouse and Rat Model Market is expected to grow at CAGR 9.13%till 2025, Sheer Analytics and Insights","slug":"global-humanized-mouse-and-rat-model-market"}},{"node":{"title":"The Global CAR-T Cell Therapy Markey is expected to grow at CAGR 53% till 2025, Sheer Analytics and Insights","slug":"Global-CAR-T-Cell-Therapy-Market"}},{"node":{"title":"Global User Activity Monitoring Market is expected to grow at CAGR 24.10% till 2025, Sheer Analytics and Insights","slug":"global-user-activity-monitoring-market"}},{"node":{"title":"The Global Stem Cell Manufacturing Market is expected to grow at CAGR 6.10% till 2025, Sheer Analytics and Insights","slug":"global-stem-cell-manufacturing-market"}},{"node":{"title":"Global Blue Biotechnology Market is expected to grow at CAGR 11.3% between 2018-2025, Sheer Analytics and Insights","slug":"global-blue-biotechnology-market"}},{"node":{"title":"Global Chatbot Market expected to grow at a rapid rate between 2017 and 2025, Sheer Analytics and Insights","slug":"global-chatbot-market"}},{"node":{"title":"Global Artificial Intelligence (AI) Sensors Market Expected To Grow Rapidly Between 2018 and 2025 at CAGR 57.2%, Sheer Analytics and Insights","slug":"global-artificial-intelligence-AI-sensors-market"}},{"node":{"title":"Global Creatinine Assay Kits Market is expected to reach $270 Million by 2025, Sheer Analytics and Insights","slug":"global-creatinine-assay-kits-market"}},{"node":{"title":"Global Augmented Reality Mobile Application Market is expected to reach $1,460.2Million by 2025, Sheer Analytics and Insights","slug":"global-augmented-reality-mobile-application-market"}},{"node":{"title":"The global biopolymers market is expected to reach US$8.5 billion by 2025, Sheer Analytics and Insights","slug":"global-biopolymers-market"}},{"node":{"title":"Global Hosted PBX Market is expected to grow at CAGR 15.8%by 2025, Sheer Analytics and Insights","slug":"global-hosted-pbx-market"}},{"node":{"title":"Global Industrial Control and Factory Automation Market is expected to grow at CAGR 7.5% by 2025, Sheer Analytics and Insights","slug":"global-industrial-control-and-factory-automation-market"}},{"node":{"title":"Global Artificial Intelligence Chipsets Market expected to grow at a rapid rate between 2017 and 2025: Market Insights, Analysis, Trends and Forecast","slug":"global-artificial-intelligence-chipsets-market"}},{"node":{"title":"The Global Enterprise Software Market is expected to reach US$ 60.1 Billion by 2025, Sheer Analytics and Insights","slug":"Global-Enterprise-Software-Market"}}]}}}