{"data":{"allMysqlPresses":{"edges":[{"node":{"title":"Global Bronchial Thermoplasty Market expected to reach US$ 99.68 Bn by 2026: Market insights, analysis, trends and forecast | Sheer Analytics and Insights"}},{"node":{"title":"Global automated 3D printing market expected to become USD 5083.8 Mn in total market revenue (TMR) by 2025: Market insights, analysis, trends, forecast | Sheer Analytics and Insights"}},{"node":{"title":"Globally infusion pump market total market revenue (TMR) will become US$17.1 Bn by 2025: market insights, industry, analysis, trends and forecast | Sheer Analytics and Insights"}},{"node":{"title":"Global aircraft exhaust system market to grow at 7.5% CAGR (2018 – 2025) – market insights, analysis, trends, forecast | Sheer Analytics and Insights"}},{"node":{"title":"Aircraft Engine Outsource Market (Service provider end) – An Exclusive Report | Sheer Analytics and Insights"}},{"node":{"title":"Global train collision avoidance system market to witness 6.5% CAGR between 2018 and 2025 – Market insights, analysis, trends and forecast | Sheer Analytics and Insights"}},{"node":{"title":"Global Artificial Organ Technology Market is expected to grow at 10.1% by 2025 | Sheer Analytics and Insights"}},{"node":{"title":"Global Electrical Submersible Pumps Market is expected to reach US$ 20.02 Billion by 2025 | Sheer Analytics and Insights"}},{"node":{"title":"Global Electrical Galvanized Steel Market is expected to grow at CAGR 6.2% till 2025 | Sheer Analytics and Insights"}},{"node":{"title":"Global Electrical Insulating Varnish Market is expected to grow at 5.3% CAGRtill 2025 | Sheer Analytics and Insights"}},{"node":{"title":"Global Electrical Insulating Varnish Market is expected to grow at 5.3% CAGRtill 2025 | Sheer Analytics and Insights"}},{"node":{"title":"Global Artificial (Synthetic) Graphite Market is expected to reach US$ 16.61 Billion by 2025 |Market insights, analysis, trends and forecast"}},{"node":{"title":"Global Humanized Mouse and Rat Model Market is expected to grow at CAGR 9.13%till 2025, Sheer Analytics and Insights"}},{"node":{"title":"The Global CAR-T Cell Therapy Markey is expected to grow at CAGR 53% till 2025, Sheer Analytics and Insights"}},{"node":{"title":"Global User Activity Monitoring Market is expected to grow at CAGR 24.10% till 2025, Sheer Analytics and Insights"}},{"node":{"title":"The Global Stem Cell Manufacturing Market is expected to grow at CAGR 6.10% till 2025, Sheer Analytics and Insights"}},{"node":{"title":"Global Blue Biotechnology Market is expected to grow at CAGR 11.3% between 2018-2025, Sheer Analytics and Insights"}},{"node":{"title":"Global Chatbot Market expected to grow at a rapid rate between 2017 and 2025, Sheer Analytics and Insights"}},{"node":{"title":"Global Artificial Intelligence (AI) Sensors Market Expected To Grow Rapidly Between 2018 and 2025 at CAGR 57.2%, Sheer Analytics and Insights"}},{"node":{"title":"Global Creatinine Assay Kits Market is expected to reach $270 Million by 2025, Sheer Analytics and Insights"}},{"node":{"title":"Global Augmented Reality Mobile Application Market is expected to reach $1,460.2Million by 2025, Sheer Analytics and Insights"}},{"node":{"title":"The global biopolymers market is expected to reach US$8.5 billion by 2025, Sheer Analytics and Insights"}},{"node":{"title":"Global Hosted PBX Market is expected to grow at CAGR 15.8%by 2025, Sheer Analytics and Insights"}},{"node":{"title":"Global Industrial Control and Factory Automation Market is expected to grow at CAGR 7.5% by 2025, Sheer Analytics and Insights"}},{"node":{"title":"Global Artificial Intelligence Chipsets Market expected to grow at a rapid rate between 2017 and 2025: Market Insights, Analysis, Trends and Forecast"}},{"node":{"title":"The Global Enterprise Software Market is expected to reach US$ 60.1 Billion by 2025, Sheer Analytics and Insights"}}]}}}